id,crop,date,region,quantity_kg
1,Tomato,2026-03-17,Chandigarh,100
2,Tomato,2026-03-18,Ludhiana,50
3,Tomato,2026-03-18,Chandigarh,50
4,Tomato,2026-03-19,Ambala,200
5,Tomato,2026-03-20,Chandigarh,100
6,Tomato,2026-03-20,Ambala,100
7,Tomato,2026-03-21,Hisar,300
8,Tomato,2026-03-21,Ambala,150
9,Tomato,2026-03-21,Chandigarh,200
10,Tomato,2026-03-22,Hisar,300
11,Tomato,2026-03-23,Panipat,200
12,Tomato,2026-03-23,Gurugram,150
13,Tomato,2026-03-23,Ludhiana,100
14,Tomato,2026-03-24,Sonipat,200
15,Tomato,2026-03-26,Chandigarh,150
16,Tomato,2026-03-27,Gurugram,300
17,Tomato,2026-03-27,Karnal,100
18,Tomato,2026-03-27,Karnal,300
19,Tomato,2026-03-28,Panipat,150
20,Tomato,2026-03-28,Sonipat,100
21,Tomato,2026-03-30,Gurugram,50
22,Tomato,2026-03-30,Gurugram,300
23,Tomato,2026-03-31,Hisar,300
24,Tomato,2026-04-01,Panipat,200
25,Tomato,2026-04-01,Rohtak,300
26,Tomato,2026-04-02,Rohtak,50
27,Tomato,2026-04-02,Karnal,150
28,Tomato,2026-04-02,Sonipat,150
29,Tomato,2026-04-03,Panipat,100
30,Tomato,2026-04-03,Rohtak,150
31,Tomato,2026-04-03,Karnal,300
32,Tomato,2026-04-04,Delhi,300
33,Tomato,2026-04-04,Chandigarh,100
34,Tomato,2026-04-04,Chandigarh,200
35,Tomato,2026-04-04,Karnal,300
36,Tomato,2026-04-04,Panipat,50
37,Tomato,2026-04-05,Hisar,200
38,Tomato,2026-04-05,Hisar,150
39,Tomato,2026-04-05,Chandigarh,50
40,Tomato,2026-04-06,Ambala,200
41,Tomato,2026-04-06,Karnal,150
42,Tomato,2026-04-06,Ambala,300
43,Tomato,2026-04-07,Ambala,100
44,Tomato,2026-04-07,Karnal,150
45,Tomato,2026-04-09,Delhi,100
46,Tomato,2026-04-09,Sonipat,300
47,Tomato,2026-04-09,Delhi,200
48,Tomato,2026-04-10,Panipat,100
49,Tomato,2026-04-10,Sonipat,300
50,Tomato,2026-04-10,Panipat,50
51,Tomato,2026-04-10,Gurugram,200
52,Tomato,2026-04-11,Sonipat,50
53,Tomato,2026-04-11,Sonipat,150
54,Tomato,2026-04-11,Ambala,50
55,Tomato,2026-04-12,Panipat,200
56,Tomato,2026-04-12,Ambala,300
57,Tomato,2026-04-13,Gurugram,50
58,Tomato,2026-04-14,Karnal,100
59,Tomato,2026-04-14,Chandigarh,50
60,Tomato,2026-04-15,Chandigarh,100
61,Tomato,2026-04-16,Delhi,150
62,Tomato,2026-04-17,Karnal,100
63,Tomato,2026-04-17,Gurugram,150
64,Tomato,2026-04-17,Gurugram,150
65,Tomato,2026-04-18,Chandigarh,200
66,Tomato,2026-04-18,Chandigarh,50
67,Tomato,2026-04-18,Delhi,150
68,Tomato,2026-04-19,Ludhiana,100
69,Tomato,2026-04-19,Ambala,300
70,Tomato,2026-04-19,Karnal,50
71,Tomato,2026-04-19,Gurugram,200
72,Tomato,2026-04-20,Hisar,150
73,Tomato,2026-04-20,Chandigarh,150
74,Tomato,2026-04-20,Rohtak,300
75,Tomato,2026-04-20,Gurugram,300
76,Tomato,2026-04-21,Chandigarh,200
77,Tomato,2026-04-22,Karnal,150
78,Tomato,2026-04-23,Chandigarh,50
79,Tomato,2026-04-23,Delhi,100
80,Tomato,2026-04-24,Chandigarh,50
81,Tomato,2026-04-24,Delhi,100
82,Tomato,2026-04-24,Karnal,200
83,Tomato,2026-04-24,Delhi,100
84,Tomato,2026-04-24,Chandigarh,200
85,Tomato,2026-04-25,Delhi,100
86,Tomato,2026-04-25,Rohtak,200
87,Tomato,2026-04-25,Gurugram,50
88,Tomato,2026-04-26,Panipat,300
89,Tomato,2026-04-26,Delhi,300
90,Tomato,2026-04-27,Karnal,150
91,Tomato,2026-04-27,Hisar,200
92,Tomato,2026-04-28,Gurugram,50
93,Tomato,2026-04-29,Hisar,50
94,Tomato,2026-04-29,Chandigarh,50
95,Tomato,2026-04-30,Ambala,50
96,Tomato,2026-05-01,Delhi,150
97,Tomato,2026-05-01,Chandigarh,50
98,Tomato,2026-05-02,Ambala,50
99,Tomato,2026-05-02,Panipat,200
100,Tomato,2026-05-02,Hisar,200
101,Tomato,2026-05-03,Rohtak,200
102,Tomato,2026-05-03,Sonipat,300
103,Tomato,2026-05-03,Karnal,100
104,Tomato,2026-05-03,Hisar,300
105,Tomato,2026-05-04,Panipat,150
106,Tomato,2026-05-04,Rohtak,300
107,Tomato,2026-05-05,Chandigarh,100
108,Tomato,2026-05-05,Delhi,50
109,Tomato,2026-05-05,Rohtak,300
110,Tomato,2026-05-05,Ambala,200
111,Tomato,2026-05-07,Panipat,100
112,Tomato,2026-05-07,Gurugram,100
113,Tomato,2026-05-08,Chandigarh,100
114,Tomato,2026-05-08,Sonipat,100
115,Tomato,2026-05-09,Karnal,300
116,Tomato,2026-05-09,Panipat,100
117,Tomato,2026-05-09,Delhi,100
118,Tomato,2026-05-09,Ambala,50
119,Tomato,2026-05-10,Chandigarh,200
120,Tomato,2026-05-10,Chandigarh,50
121,Tomato,2026-05-10,Panipat,50
122,Tomato,2026-05-10,Panipat,50
123,Tomato,2026-05-12,Gurugram,150
124,Tomato,2026-05-12,Sonipat,100
125,Tomato,2026-05-12,Delhi,150
126,Tomato,2026-05-13,Ambala,50
127,Tomato,2026-05-13,Karnal,150
128,Tomato,2026-05-13,Ludhiana,200
129,Tomato,2026-05-13,Gurugram,300
130,Tomato,2026-05-14,Sonipat,300
131,Tomato,2026-05-14,Ambala,150
132,Tomato,2026-05-15,Gurugram,200
133,Tomato,2026-05-15,Sonipat,50
134,Tomato,2026-05-16,Hisar,150
135,Tomato,2026-05-16,Gurugram,100
136,Tomato,2026-05-17,Gurugram,200
137,Tomato,2026-05-17,Ludhiana,200
138,Tomato,2026-05-17,Gurugram,150
139,Tomato,2026-05-17,Ludhiana,300
140,Tomato,2026-05-18,Delhi,150
141,Tomato,2026-05-18,Sonipat,300
142,Tomato,2026-05-18,Karnal,150
143,Tomato,2026-05-19,Delhi,50
144,Tomato,2026-05-19,Rohtak,300
145,Tomato,2026-05-19,Rohtak,300
146,Tomato,2026-05-20,Karnal,50
147,Tomato,2026-05-21,Chandigarh,150
148,Tomato,2026-05-21,Chandigarh,300
149,Tomato,2026-05-22,Gurugram,200
150,Tomato,2026-05-23,Karnal,300
151,Tomato,2026-05-23,Panipat,100
152,Tomato,2026-05-23,Ludhiana,300
153,Tomato,2026-05-24,Chandigarh,50
154,Tomato,2026-05-25,Karnal,300
155,Tomato,2026-05-25,Sonipat,300
156,Tomato,2026-05-26,Ambala,300
157,Tomato,2026-05-26,Sonipat,200
158,Tomato,2026-05-26,Gurugram,50
159,Tomato,2026-05-27,Karnal,200
160,Tomato,2026-05-27,Karnal,50
161,Tomato,2026-05-27,Panipat,150
162,Tomato,2026-05-28,Chandigarh,150
163,Tomato,2026-05-28,Hisar,200
164,Tomato,2026-05-29,Ludhiana,50
165,Tomato,2026-05-29,Rohtak,150
166,Tomato,2026-05-29,Delhi,300
167,Tomato,2026-05-29,Panipat,150
168,Tomato,2026-05-29,Ambala,300
169,Tomato,2026-05-30,Hisar,150
170,Tomato,2026-05-30,Ambala,50
171,Tomato,2026-05-31,Chandigarh,150
172,Tomato,2026-05-31,Hisar,100
173,Tomato,2026-06-01,Gurugram,200
174,Tomato,2026-06-01,Ludhiana,300
175,Tomato,2026-06-02,Rohtak,300
176,Tomato,2026-06-02,Sonipat,200
177,Tomato,2026-06-03,Panipat,100
178,Tomato,2026-06-03,Sonipat,100
179,Tomato,2026-06-03,Sonipat,150
180,Tomato,2026-06-04,Ambala,50
181,Tomato,2026-06-04,Karnal,200
182,Tomato,2026-06-04,Gurugram,50
183,Tomato,2026-06-05,Karnal,300
184,Tomato,2026-06-05,Sonipat,200
185,Tomato,2026-06-06,Rohtak,100
186,Tomato,2026-06-06,Rohtak,100
187,Tomato,2026-06-06,Ambala,300
188,Tomato,2026-06-07,Rohtak,300
189,Tomato,2026-06-07,Sonipat,50
190,Tomato,2026-06-07,Sonipat,150
191,Tomato,2026-06-08,Sonipat,300
192,Tomato,2026-06-08,Hisar,300
193,Tomato,2026-06-08,Ambala,50
194,Tomato,2026-06-08,Panipat,50
195,Tomato,2026-06-09,Ludhiana,200
196,Tomato,2026-06-09,Sonipat,100
197,Tomato,2026-06-09,Hisar,300
198,Tomato,2026-06-10,Sonipat,300
199,Tomato,2026-06-10,Sonipat,300
200,Tomato,2026-06-10,Chandigarh,150
201,Tomato,2026-06-10,Sonipat,150
202,Tomato,2026-06-11,Delhi,100
203,Tomato,2026-06-11,Hisar,200
204,Tomato,2026-06-11,Sonipat,50
205,Tomato,2026-06-11,Rohtak,100
206,Tomato,2026-06-12,Chandigarh,300
207,Tomato,2026-06-12,Hisar,100
208,Tomato,2026-06-12,Ambala,50
209,Tomato,2026-06-13,Ambala,50
210,Tomato,2026-06-13,Chandigarh,300
211,Tomato,2026-06-13,Delhi,50
212,Tomato,2026-06-13,Ludhiana,100
213,Tomato,2026-06-14,Ambala,300
214,Tomato,2026-06-14,Rohtak,200
215,Tomato,2026-06-14,Chandigarh,200
216,Tomato,2026-06-14,Gurugram,50
217,Tomato,2026-06-15,Ludhiana,200
218,Tomato,2026-06-15,Gurugram,300
219,Tomato,2026-06-16,Ambala,50
220,Tomato,2026-06-17,Karnal,50
221,Tomato,2026-06-17,Panipat,300
222,Tomato,2026-06-18,Chandigarh,200
223,Tomato,2026-06-18,Panipat,100
224,Tomato,2026-06-18,Rohtak,50
225,Tomato,2026-06-19,Rohtak,200
226,Tomato,2026-06-19,Karnal,150
227,Tomato,2026-06-19,Hisar,150
228,Tomato,2026-06-20,Delhi,100
229,Tomato,2026-06-20,Hisar,300
230,Tomato,2026-06-20,Panipat,150
231,Tomato,2026-06-21,Gurugram,300
232,Tomato,2026-06-21,Panipat,200
233,Tomato,2026-06-21,Karnal,200
234,Tomato,2026-06-22,Chandigarh,300
235,Tomato,2026-06-22,Ludhiana,100
236,Tomato,2026-06-23,Panipat,150
237,Tomato,2026-06-23,Ambala,150
238,Tomato,2026-06-24,Hisar,100
239,Tomato,2026-06-24,Delhi,100
240,Tomato,2026-06-24,Ludhiana,100
241,Tomato,2026-06-25,Gurugram,300
242,Tomato,2026-06-25,Ambala,50
243,Tomato,2026-06-25,Sonipat,200
244,Tomato,2026-06-26,Rohtak,50
245,Tomato,2026-06-26,Sonipat,200
246,Tomato,2026-06-26,Ambala,200
247,Tomato,2026-06-26,Delhi,50
248,Tomato,2026-06-27,Ambala,50
249,Tomato,2026-06-27,Hisar,200
250,Tomato,2026-06-27,Ambala,300
251,Tomato,2026-06-28,Panipat,300
252,Tomato,2026-06-28,Rohtak,100
253,Tomato,2026-06-28,Ludhiana,200
254,Tomato,2026-06-29,Chandigarh,150
255,Tomato,2026-06-29,Karnal,50
256,Tomato,2026-06-29,Ambala,300
257,Tomato,2026-06-29,Chandigarh,100
258,Tomato,2026-06-30,Ambala,100
259,Tomato,2026-06-30,Rohtak,150
260,Tomato,2026-06-30,Karnal,50
261,Tomato,2026-07-01,Panipat,200
262,Tomato,2026-07-01,Gurugram,200
263,Tomato,2026-07-01,Hisar,300
264,Tomato,2026-07-02,Karnal,300
265,Tomato,2026-07-02,Rohtak,50
266,Tomato,2026-07-02,Delhi,300
267,Tomato,2026-07-03,Ambala,150
268,Tomato,2026-07-03,Gurugram,150
269,Tomato,2026-07-03,Karnal,300
270,Tomato,2026-07-04,Karnal,200
271,Tomato,2026-07-04,Hisar,300
272,Tomato,2026-07-04,Rohtak,150
273,Tomato,2026-07-04,Sonipat,200
274,Tomato,2026-07-04,Chandigarh,50
275,Tomato,2026-07-05,Gurugram,50
276,Tomato,2026-07-05,Chandigarh,150
277,Tomato,2026-07-06,Chandigarh,300
278,Tomato,2026-07-06,Panipat,200
279,Tomato,2026-07-07,Karnal,150
280,Tomato,2026-07-07,Ludhiana,200
281,Tomato,2026-07-07,Ambala,50
282,Tomato,2026-07-07,Ludhiana,50
283,Tomato,2026-07-08,Panipat,50
284,Tomato,2026-07-08,Hisar,100
285,Tomato,2026-07-09,Gurugram,200
286,Tomato,2026-07-09,Gurugram,300
287,Tomato,2026-07-10,Chandigarh,50
288,Tomato,2026-07-10,Panipat,100
289,Tomato,2026-07-10,Panipat,50
290,Tomato,2026-07-11,Gurugram,50
291,Tomato,2026-07-11,Chandigarh,100
292,Tomato,2026-07-12,Ludhiana,150
293,Tomato,2026-07-12,Gurugram,100
294,Tomato,2026-07-12,Ambala,150
295,Tomato,2026-07-12,Sonipat,100
296,Tomato,2026-07-13,Karnal,150
297,Tomato,2026-07-13,Karnal,100
298,Tomato,2026-07-14,Karnal,100
299,Tomato,2026-07-14,Ambala,150
300,Tomato,2026-07-14,Sonipat,50
301,Tomato,2026-07-15,Ludhiana,300
302,Tomato,2026-07-15,Rohtak,300
303,Tomato,2026-07-15,Rohtak,200
304,Tomato,2026-07-16,Gurugram,300
305,Tomato,2026-07-16,Gurugram,200
306,Tomato,2026-07-16,Ambala,150
307,Tomato,2026-07-17,Chandigarh,150
308,Tomato,2026-07-18,Hisar,100
309,Tomato,2026-07-18,Ambala,100
310,Tomato,2026-07-18,Rohtak,300
311,Tomato,2026-07-18,Hisar,200
312,Tomato,2026-07-19,Gurugram,200
313,Tomato,2026-07-19,Sonipat,200
314,Tomato,2026-07-19,Delhi,300
315,Tomato,2026-07-20,Ludhiana,150
316,Tomato,2026-07-20,Rohtak,50
317,Tomato,2026-07-20,Karnal,200
318,Tomato,2026-07-21,Ambala,150
319,Tomato,2026-07-21,Sonipat,300
320,Tomato,2026-07-22,Panipat,100
321,Tomato,2026-07-22,Panipat,200
322,Tomato,2026-07-23,Sonipat,200
323,Tomato,2026-07-23,Hisar,100
324,Tomato,2026-07-23,Hisar,150
325,Tomato,2026-07-23,Gurugram,200
326,Tomato,2026-07-24,Panipat,200
327,Tomato,2026-07-24,Sonipat,300
328,Tomato,2026-07-24,Sonipat,300
329,Tomato,2026-07-25,Panipat,100
330,Tomato,2026-07-25,Chandigarh,200
331,Tomato,2026-07-25,Hisar,100
332,Tomato,2026-07-26,Sonipat,100
333,Tomato,2026-07-27,Hisar,200
334,Tomato,2026-07-27,Sonipat,300
335,Tomato,2026-07-27,Chandigarh,150
336,Tomato,2026-07-28,Ludhiana,150
337,Tomato,2026-07-28,Panipat,300
338,Tomato,2026-07-28,Ambala,50
339,Tomato,2026-07-29,Rohtak,100
340,Tomato,2026-07-30,Panipat,200
341,Tomato,2026-07-30,Delhi,200
342,Tomato,2026-07-30,Gurugram,150
343,Tomato,2026-07-30,Gurugram,150
344,Tomato,2026-07-31,Panipat,150
345,Tomato,2026-08-01,Rohtak,200
346,Tomato,2026-08-01,Delhi,150
347,Tomato,2026-08-01,Ambala,100
348,Tomato,2026-08-02,Chandigarh,100
349,Tomato,2026-08-02,Panipat,150
350,Tomato,2026-08-03,Gurugram,300
351,Tomato,2026-08-03,Ludhiana,200
352,Tomato,2026-08-04,Panipat,200
353,Tomato,2026-08-04,Sonipat,100
354,Tomato,2026-08-04,Gurugram,200
355,Tomato,2026-08-04,Ambala,300
356,Tomato,2026-08-05,Hisar,50
357,Tomato,2026-08-05,Delhi,100
358,Tomato,2026-08-06,Panipat,150
359,Tomato,2026-08-06,Ambala,200
360,Tomato,2026-08-07,Panipat,200
361,Tomato,2026-08-07,Gurugram,300
362,Tomato,2026-08-07,Chandigarh,200
363,Tomato,2026-08-07,Hisar,100
364,Tomato,2026-08-08,Karnal,150
365,Tomato,2026-08-08,Delhi,100
366,Tomato,2026-08-08,Sonipat,200
367,Tomato,2026-08-08,Delhi,50
368,Tomato,2026-08-09,Delhi,200
369,Tomato,2026-08-09,Chandigarh,50
370,Tomato,2026-08-09,Rohtak,200
371,Tomato,2026-08-11,Delhi,150
372,Tomato,2026-08-11,Ambala,100
373,Tomato,2026-08-12,Hisar,150
374,Tomato,2026-08-12,Karnal,100
375,Tomato,2026-08-12,Panipat,200
376,Tomato,2026-08-12,Sonipat,100
377,Tomato,2026-08-12,Chandigarh,100
378,Tomato,2026-08-13,Rohtak,50
379,Tomato,2026-08-13,Gurugram,150
380,Tomato,2026-08-13,Ludhiana,200
381,Tomato,2026-08-13,Chandigarh,150
382,Tomato,2026-08-14,Chandigarh,100
383,Tomato,2026-08-14,Ambala,300
384,Tomato,2026-08-14,Ludhiana,300
385,Tomato,2026-08-15,Hisar,300
386,Tomato,2026-08-15,Chandigarh,150
387,Tomato,2026-08-15,Gurugram,200
388,Tomato,2026-08-15,Chandigarh,100
389,Tomato,2026-08-16,Gurugram,200
390,Tomato,2026-08-16,Panipat,100
391,Tomato,2026-08-16,Panipat,50
392,Tomato,2026-08-17,Rohtak,300
393,Tomato,2026-08-17,Sonipat,150
394,Tomato,2026-08-18,Ludhiana,200
395,Tomato,2026-08-18,Panipat,50
396,Tomato,2026-08-18,Hisar,150
397,Tomato,2026-08-19,Ambala,100
398,Tomato,2026-08-19,Rohtak,300
399,Tomato,2026-08-19,Gurugram,100
400,Tomato,2026-08-19,Hisar,300
401,Tomato,2026-08-20,Hisar,200
402,Tomato,2026-08-20,Karnal,150
403,Tomato,2026-08-21,Delhi,200
404,Tomato,2026-08-21,Karnal,300
405,Tomato,2026-08-21,Ambala,150
406,Tomato,2026-08-21,Panipat,300
407,Tomato,2026-08-22,Delhi,100
408,Tomato,2026-08-22,Sonipat,150
409,Tomato,2026-08-22,Delhi,200
410,Tomato,2026-08-22,Ambala,200
411,Tomato,2026-08-23,Panipat,300
412,Tomato,2026-08-23,Ludhiana,100
413,Tomato,2026-08-24,Chandigarh,50
414,Tomato,2026-08-24,Sonipat,50
415,Tomato,2026-08-24,Panipat,150
416,Tomato,2026-08-25,Sonipat,200
417,Tomato,2026-08-25,Rohtak,100
418,Tomato,2026-08-25,Delhi,100
419,Tomato,2026-08-26,Hisar,150
420,Tomato,2026-08-26,Ludhiana,150
421,Tomato,2026-08-26,Ludhiana,50
422,Tomato,2026-08-26,Gurugram,50
423,Tomato,2026-08-27,Sonipat,50
424,Tomato,2026-08-27,Panipat,200
425,Tomato,2026-08-27,Delhi,300
426,Tomato,2026-08-28,Panipat,200
427,Tomato,2026-08-28,Rohtak,50
428,Tomato,2026-08-28,Karnal,200
429,Tomato,2026-08-29,Ludhiana,100
430,Tomato,2026-08-29,Rohtak,100
431,Tomato,2026-08-29,Ludhiana,50
432,Tomato,2026-08-29,Chandigarh,100
433,Tomato,2026-08-30,Panipat,150
434,Tomato,2026-08-31,Sonipat,50
435,Tomato,2026-08-31,Chandigarh,300
436,Tomato,2026-08-31,Delhi,150
437,Tomato,2026-09-01,Gurugram,50
438,Tomato,2026-09-01,Karnal,50
439,Tomato,2026-09-02,Karnal,200
440,Tomato,2026-09-02,Gurugram,50
441,Tomato,2026-09-02,Sonipat,150
442,Tomato,2026-09-03,Karnal,50
443,Tomato,2026-09-03,Rohtak,300
444,Tomato,2026-09-04,Ludhiana,300
445,Tomato,2026-09-04,Sonipat,150
446,Tomato,2026-09-04,Delhi,100
447,Tomato,2026-09-05,Ambala,150
448,Tomato,2026-09-05,Rohtak,50
449,Tomato,2026-09-05,Gurugram,100
450,Tomato,2026-09-05,Chandigarh,50
451,Tomato,2026-09-06,Sonipat,200
452,Tomato,2026-09-06,Karnal,150
453,Tomato,2026-09-06,Chandigarh,150
454,Tomato,2026-09-07,Karnal,50
455,Tomato,2026-09-07,Hisar,150
456,Tomato,2026-09-07,Sonipat,150
457,Tomato,2026-09-08,Rohtak,200
458,Tomato,2026-09-08,Ludhiana,300
459,Tomato,2026-09-09,Karnal,300
460,Tomato,2026-09-09,Sonipat,300
461,Tomato,2026-09-09,Gurugram,150
462,Tomato,2026-09-10,Ludhiana,150
463,Tomato,2026-09-10,Ambala,300
464,Tomato,2026-09-10,Sonipat,50
465,Tomato,2026-09-10,Chandigarh,100
466,Tomato,2026-09-11,Chandigarh,150
467,Tomato,2026-09-11,Ludhiana,50
468,Tomato,2026-09-12,Chandigarh,200
469,Tomato,2026-09-12,Sonipat,50
470,Tomato,2026-09-12,Ambala,150
471,Tomato,2026-09-12,Ambala,100
472,Wheat,2026-03-17,Chandigarh,200
473,Wheat,2026-03-17,Karnal,300
474,Wheat,2026-03-17,Ludhiana,300
475,Wheat,2026-03-18,Sonipat,300
476,Wheat,2026-03-18,Panipat,150
477,Wheat,2026-03-18,Hisar,150
478,Wheat,2026-03-19,Delhi,50
479,Wheat,2026-03-19,Sonipat,100
480,Wheat,2026-03-19,Rohtak,100
481,Wheat,2026-03-19,Delhi,200
482,Wheat,2026-03-20,Karnal,50
483,Wheat,2026-03-20,Rohtak,300
484,Wheat,2026-03-20,Hisar,200
485,Wheat,2026-03-20,Chandigarh,300
486,Wheat,2026-03-21,Gurugram,100
487,Wheat,2026-03-21,Ambala,50
488,Wheat,2026-03-21,Rohtak,100
489,Wheat,2026-03-22,Ludhiana,50
490,Wheat,2026-03-22,Ludhiana,50
491,Wheat,2026-03-23,Hisar,150
492,Wheat,2026-03-23,Rohtak,300
493,Wheat,2026-03-24,Panipat,300
494,Wheat,2026-03-24,Rohtak,50
495,Wheat,2026-03-24,Panipat,50
496,Wheat,2026-03-24,Karnal,300
497,Wheat,2026-03-25,Chandigarh,200
498,Wheat,2026-03-25,Karnal,100
499,Wheat,2026-03-25,Chandigarh,100
500,Wheat,2026-03-25,Ambala,100
501,Wheat,2026-03-26,Chandigarh,300
502,Wheat,2026-03-26,Hisar,50
503,Wheat,2026-03-26,Ambala,150
504,Wheat,2026-03-26,Ludhiana,200
505,Wheat,2026-03-27,Sonipat,300
506,Wheat,2026-03-27,Hisar,300
507,Wheat,2026-03-27,Gurugram,100
508,Wheat,2026-03-27,Chandigarh,300
509,Wheat,2026-03-28,Ludhiana,150
510,Wheat,2026-03-28,Gurugram,300
511,Wheat,2026-03-28,Gurugram,150
512,Wheat,2026-03-29,Gurugram,300
513,Wheat,2026-03-29,Karnal,300
514,Wheat,2026-03-30,Chandigarh,100
515,Wheat,2026-03-30,Hisar,300
516,Wheat,2026-03-30,Panipat,150
517,Wheat,2026-03-30,Ludhiana,200
518,Wheat,2026-03-31,Rohtak,150
519,Wheat,2026-03-31,Ambala,50
520,Wheat,2026-03-31,Chandigarh,100
521,Wheat,2026-04-01,Panipat,50
522,Wheat,2026-04-01,Panipat,100
523,Wheat,2026-04-01,Karnal,150
524,Wheat,2026-04-02,Panipat,300
525,Wheat,2026-04-02,Chandigarh,300
526,Wheat,2026-04-02,Ambala,300
527,Wheat,2026-04-02,Sonipat,50
528,Wheat,2026-04-02,Rohtak,200
529,Wheat,2026-04-03,Gurugram,100
530,Wheat,2026-04-03,Sonipat,150
531,Wheat,2026-04-03,Gurugram,300
532,Wheat,2026-04-03,Karnal,100
533,Wheat,2026-04-04,Ambala,200
534,Wheat,2026-04-04,Ambala,100
535,Wheat,2026-04-04,Delhi,150
536,Wheat,2026-04-04,Ludhiana,100
537,Wheat,2026-04-05,Ludhiana,300
538,Wheat,2026-04-05,Delhi,300
539,Wheat,2026-04-05,Panipat,50
540,Wheat,2026-04-05,Ambala,200
541,Wheat,2026-04-06,Gurugram,150
542,Wheat,2026-04-06,Hisar,200
543,Wheat,2026-04-06,Delhi,100
544,Wheat,2026-04-07,Ambala,50
545,Wheat,2026-04-07,Hisar,50
546,Wheat,2026-04-07,Panipat,300
547,Wheat,2026-04-08,Sonipat,150
548,Wheat,2026-04-08,Chandigarh,100
549,Wheat,2026-04-08,Sonipat,50
550,Wheat,2026-04-08,Hisar,200
551,Wheat,2026-04-09,Ambala,300
552,Wheat,2026-04-09,Chandigarh,50
553,Wheat,2026-04-09,Karnal,200
554,Wheat,2026-04-10,Sonipat,150
555,Wheat,2026-04-10,Delhi,200
556,Wheat,2026-04-10,Ambala,50
557,Wheat,2026-04-10,Chandigarh,200
558,Wheat,2026-04-11,Panipat,50
559,Wheat,2026-04-11,Hisar,300
560,Wheat,2026-04-11,Hisar,100
561,Wheat,2026-04-11,Sonipat,200
562,Wheat,2026-04-11,Chandigarh,100
563,Wheat,2026-04-12,Karnal,300
564,Wheat,2026-04-12,Ambala,300
565,Wheat,2026-04-13,Karnal,100
566,Wheat,2026-04-13,Delhi,150
567,Wheat,2026-04-13,Hisar,150
568,Wheat,2026-04-14,Delhi,200
569,Wheat,2026-04-14,Hisar,150
570,Wheat,2026-04-15,Gurugram,100
571,Wheat,2026-04-15,Gurugram,150
572,Wheat,2026-04-16,Panipat,100
573,Wheat,2026-04-16,Gurugram,300
574,Wheat,2026-04-16,Ludhiana,300
575,Wheat,2026-04-17,Sonipat,200
576,Wheat,2026-04-17,Rohtak,100
577,Wheat,2026-04-17,Karnal,150
578,Wheat,2026-04-17,Sonipat,50
579,Wheat,2026-04-18,Ambala,100
580,Wheat,2026-04-18,Panipat,50
581,Wheat,2026-04-18,Gurugram,50
582,Wheat,2026-04-18,Panipat,200
583,Wheat,2026-04-19,Ludhiana,50
584,Wheat,2026-04-19,Gurugram,100
585,Wheat,2026-04-19,Chandigarh,100
586,Wheat,2026-04-20,Panipat,300
587,Wheat,2026-04-20,Ludhiana,300
588,Wheat,2026-04-20,Sonipat,50
589,Wheat,2026-04-21,Hisar,300
590,Wheat,2026-04-21,Chandigarh,50
591,Wheat,2026-04-21,Panipat,100
592,Wheat,2026-04-21,Rohtak,150
593,Wheat,2026-04-22,Panipat,50
594,Wheat,2026-04-22,Ludhiana,50
595,Wheat,2026-04-22,Delhi,200
596,Wheat,2026-04-23,Panipat,150
597,Wheat,2026-04-23,Delhi,50
598,Wheat,2026-04-23,Panipat,200
599,Wheat,2026-04-23,Karnal,200
600,Wheat,2026-04-24,Gurugram,200
601,Wheat,2026-04-24,Ambala,300
602,Wheat,2026-04-25,Delhi,100
603,Wheat,2026-04-25,Karnal,300
604,Wheat,2026-04-25,Ludhiana,300
605,Wheat,2026-04-25,Rohtak,50
606,Wheat,2026-04-26,Gurugram,200
607,Wheat,2026-04-26,Hisar,100
608,Wheat,2026-04-26,Rohtak,150
609,Wheat,2026-04-27,Gurugram,150
610,Wheat,2026-04-27,Panipat,100
611,Wheat,2026-04-27,Chandigarh,150
612,Wheat,2026-04-27,Rohtak,150
613,Wheat,2026-04-28,Rohtak,300
614,Wheat,2026-04-28,Panipat,100
615,Wheat,2026-04-28,Sonipat,150
616,Wheat,2026-04-28,Hisar,100
617,Wheat,2026-04-28,Delhi,200
618,Wheat,2026-04-29,Chandigarh,300
619,Wheat,2026-04-29,Karnal,200
620,Wheat,2026-04-30,Panipat,300
621,Wheat,2026-04-30,Gurugram,200
622,Wheat,2026-04-30,Chandigarh,100
623,Wheat,2026-05-01,Karnal,100
624,Wheat,2026-05-01,Ambala,300
625,Wheat,2026-05-01,Karnal,100
626,Wheat,2026-05-01,Panipat,300
627,Wheat,2026-05-02,Sonipat,300
628,Wheat,2026-05-02,Sonipat,150
629,Wheat,2026-05-02,Delhi,300
630,Wheat,2026-05-02,Chandigarh,50
631,Wheat,2026-05-02,Sonipat,150
632,Wheat,2026-05-03,Sonipat,50
633,Wheat,2026-05-03,Gurugram,200
634,Wheat,2026-05-04,Panipat,100
635,Wheat,2026-05-04,Karnal,50
636,Wheat,2026-05-04,Sonipat,100
637,Wheat,2026-05-04,Rohtak,300
638,Wheat,2026-05-05,Ambala,150
639,Wheat,2026-05-05,Ambala,300
640,Wheat,2026-05-05,Ambala,100
641,Wheat,2026-05-06,Rohtak,150
642,Wheat,2026-05-06,Delhi,200
643,Wheat,2026-05-07,Sonipat,300
644,Wheat,2026-05-07,Ambala,200
645,Wheat,2026-05-08,Hisar,200
646,Wheat,2026-05-08,Ludhiana,100
647,Wheat,2026-05-08,Sonipat,100
648,Wheat,2026-05-09,Karnal,50
649,Wheat,2026-05-09,Hisar,50
650,Wheat,2026-05-09,Panipat,200
651,Wheat,2026-05-10,Karnal,100
652,Wheat,2026-05-10,Delhi,100
653,Wheat,2026-05-10,Ludhiana,300
654,Wheat,2026-05-11,Ludhiana,150
655,Wheat,2026-05-11,Ludhiana,100
656,Wheat,2026-05-11,Hisar,200
657,Wheat,2026-05-11,Rohtak,300
658,Wheat,2026-05-12,Gurugram,200
659,Wheat,2026-05-12,Ambala,300
660,Wheat,2026-05-12,Ambala,300
661,Wheat,2026-05-13,Chandigarh,50
662,Wheat,2026-05-13,Chandigarh,50
663,Wheat,2026-05-14,Rohtak,100
664,Wheat,2026-05-15,Chandigarh,300
665,Wheat,2026-05-15,Hisar,50
666,Wheat,2026-05-15,Chandigarh,200
667,Wheat,2026-05-15,Chandigarh,50
668,Wheat,2026-05-16,Panipat,150
669,Wheat,2026-05-16,Ludhiana,100
670,Wheat,2026-05-16,Hisar,150
671,Wheat,2026-05-16,Ambala,50
672,Wheat,2026-05-17,Chandigarh,100
673,Wheat,2026-05-17,Ludhiana,200
674,Wheat,2026-05-17,Delhi,300
675,Wheat,2026-05-17,Delhi,100
676,Wheat,2026-05-18,Chandigarh,100
677,Wheat,2026-05-18,Hisar,200
678,Wheat,2026-05-18,Gurugram,200
679,Wheat,2026-05-19,Rohtak,100
680,Wheat,2026-05-20,Karnal,200
681,Wheat,2026-05-21,Delhi,150
682,Wheat,2026-05-21,Gurugram,100
683,Wheat,2026-05-21,Delhi,50
684,Wheat,2026-05-22,Gurugram,50
685,Wheat,2026-05-22,Chandigarh,200
686,Wheat,2026-05-22,Chandigarh,300
687,Wheat,2026-05-22,Sonipat,200
688,Wheat,2026-05-22,Chandigarh,200
689,Wheat,2026-05-23,Rohtak,100
690,Wheat,2026-05-23,Gurugram,300
691,Wheat,2026-05-23,Sonipat,100
692,Wheat,2026-05-23,Sonipat,100
693,Wheat,2026-05-24,Panipat,150
694,Wheat,2026-05-24,Ludhiana,150
695,Wheat,2026-05-24,Sonipat,50
696,Wheat,2026-05-25,Sonipat,100
697,Wheat,2026-05-25,Rohtak,300
698,Wheat,2026-05-25,Panipat,50
699,Wheat,2026-05-26,Chandigarh,50
700,Wheat,2026-05-27,Ambala,200
701,Wheat,2026-05-27,Karnal,100
702,Wheat,2026-05-27,Ambala,200
703,Wheat,2026-05-28,Ambala,300
704,Wheat,2026-05-28,Rohtak,100
705,Wheat,2026-05-29,Chandigarh,150
706,Wheat,2026-05-29,Ambala,300
707,Wheat,2026-05-29,Karnal,50
708,Wheat,2026-05-29,Sonipat,100
709,Wheat,2026-05-30,Sonipat,50
710,Wheat,2026-05-30,Ambala,300
711,Wheat,2026-05-30,Panipat,150
712,Wheat,2026-05-30,Delhi,50
713,Wheat,2026-05-30,Delhi,200
714,Wheat,2026-05-31,Sonipat,100
715,Wheat,2026-05-31,Panipat,300
716,Wheat,2026-05-31,Ambala,300
717,Wheat,2026-06-01,Ludhiana,300
718,Wheat,2026-06-01,Gurugram,50
719,Wheat,2026-06-01,Delhi,150
720,Wheat,2026-06-02,Gurugram,150
721,Wheat,2026-06-02,Hisar,50
722,Wheat,2026-06-03,Delhi,150
723,Wheat,2026-06-03,Ludhiana,100
724,Wheat,2026-06-03,Delhi,150
725,Wheat,2026-06-04,Gurugram,300
726,Wheat,2026-06-05,Karnal,300
727,Wheat,2026-06-05,Rohtak,50
728,Wheat,2026-06-05,Ambala,300
729,Wheat,2026-06-06,Delhi,200
730,Wheat,2026-06-06,Ambala,150
731,Wheat,2026-06-06,Hisar,300
732,Wheat,2026-06-06,Gurugram,150
733,Wheat,2026-06-08,Gurugram,100
734,Wheat,2026-06-08,Ambala,300
735,Wheat,2026-06-09,Ludhiana,200
736,Wheat,2026-06-10,Sonipat,300
737,Wheat,2026-06-10,Karnal,150
738,Wheat,2026-06-10,Karnal,50
739,Wheat,2026-06-11,Delhi,100
740,Wheat,2026-06-11,Ambala,200
741,Wheat,2026-06-11,Hisar,50
742,Wheat,2026-06-12,Gurugram,150
743,Wheat,2026-06-12,Chandigarh,100
744,Wheat,2026-06-12,Rohtak,100
745,Wheat,2026-06-12,Panipat,150
746,Wheat,2026-06-13,Chandigarh,300
747,Wheat,2026-06-13,Gurugram,50
748,Wheat,2026-06-13,Delhi,150
749,Wheat,2026-06-13,Gurugram,200
750,Wheat,2026-06-14,Ambala,300
751,Wheat,2026-06-14,Rohtak,100
752,Wheat,2026-06-15,Ludhiana,200
753,Wheat,2026-06-15,Rohtak,100
754,Wheat,2026-06-15,Ludhiana,100
755,Wheat,2026-06-16,Ludhiana,300
756,Wheat,2026-06-16,Gurugram,200
757,Wheat,2026-06-16,Hisar,50
758,Wheat,2026-06-16,Chandigarh,150
759,Wheat,2026-06-17,Chandigarh,300
760,Wheat,2026-06-18,Rohtak,100
761,Wheat,2026-06-18,Ambala,150
762,Wheat,2026-06-19,Gurugram,50
763,Wheat,2026-06-19,Sonipat,150
764,Wheat,2026-06-19,Rohtak,150
765,Wheat,2026-06-19,Hisar,300
766,Wheat,2026-06-20,Sonipat,300
767,Wheat,2026-06-21,Delhi,150
768,Wheat,2026-06-21,Gurugram,50
769,Wheat,2026-06-22,Panipat,200
770,Wheat,2026-06-22,Delhi,200
771,Wheat,2026-06-23,Panipat,100
772,Wheat,2026-06-23,Chandigarh,150
773,Wheat,2026-06-23,Sonipat,50
774,Wheat,2026-06-24,Gurugram,50
775,Wheat,2026-06-24,Karnal,50
776,Wheat,2026-06-25,Ludhiana,300
777,Wheat,2026-06-25,Sonipat,100
778,Wheat,2026-06-26,Gurugram,200
779,Wheat,2026-06-26,Chandigarh,150
780,Wheat,2026-06-26,Gurugram,100
781,Wheat,2026-06-26,Delhi,300
782,Wheat,2026-06-27,Rohtak,200
783,Wheat,2026-06-27,Hisar,300
784,Wheat,2026-06-27,Delhi,50
785,Wheat,2026-06-28,Panipat,50
786,Wheat,2026-06-28,Ambala,50
787,Wheat,2026-06-29,Delhi,300
788,Wheat,2026-06-29,Panipat,50
789,Wheat,2026-06-30,Ambala,150
790,Wheat,2026-06-30,Karnal,150
791,Wheat,2026-06-30,Karnal,100
792,Wheat,2026-06-30,Panipat,150
793,Wheat,2026-07-01,Delhi,150
794,Wheat,2026-07-02,Sonipat,100
795,Wheat,2026-07-02,Panipat,50
796,Wheat,2026-07-03,Chandigarh,50
797,Wheat,2026-07-03,Karnal,300
798,Wheat,2026-07-03,Gurugram,300
799,Wheat,2026-07-03,Gurugram,150
800,Wheat,2026-07-03,Sonipat,150
801,Wheat,2026-07-04,Ambala,100
802,Wheat,2026-07-04,Sonipat,50
803,Wheat,2026-07-04,Panipat,300
804,Wheat,2026-07-05,Rohtak,100
805,Wheat,2026-07-05,Rohtak,200
806,Wheat,2026-07-05,Rohtak,50
807,Wheat,2026-07-06,Hisar,50
808,Wheat,2026-07-06,Delhi,200
809,Wheat,2026-07-07,Ambala,200
810,Wheat,2026-07-08,Ambala,150
811,Wheat,2026-07-08,Panipat,150
812,Wheat,2026-07-08,Karnal,300
813,Wheat,2026-07-09,Ludhiana,300
814,Wheat,2026-07-09,Sonipat,50
815,Wheat,2026-07-09,Ludhiana,50
816,Wheat,2026-07-09,Ludhiana,150
817,Wheat,2026-07-10,Ludhiana,200
818,Wheat,2026-07-10,Karnal,100
819,Wheat,2026-07-10,Sonipat,300
820,Wheat,2026-07-10,Panipat,150
821,Wheat,2026-07-11,Gurugram,150
822,Wheat,2026-07-11,Ludhiana,200
823,Wheat,2026-07-12,Rohtak,50
824,Wheat,2026-07-12,Ludhiana,50
825,Wheat,2026-07-12,Gurugram,200
826,Wheat,2026-07-13,Gurugram,300
827,Wheat,2026-07-13,Ambala,100
828,Wheat,2026-07-14,Chandigarh,50
829,Wheat,2026-07-14,Hisar,50
830,Wheat,2026-07-14,Gurugram,300
831,Wheat,2026-07-15,Chandigarh,200
832,Wheat,2026-07-16,Hisar,300
833,Wheat,2026-07-17,Chandigarh,100
834,Wheat,2026-07-17,Ludhiana,200
835,Wheat,2026-07-18,Delhi,150
836,Wheat,2026-07-18,Karnal,300
837,Wheat,2026-07-18,Hisar,200
838,Wheat,2026-07-18,Ambala,150
839,Wheat,2026-07-19,Delhi,300
840,Wheat,2026-07-19,Ludhiana,50
841,Wheat,2026-07-20,Ambala,300
842,Wheat,2026-07-20,Ludhiana,150
843,Wheat,2026-07-21,Sonipat,150
844,Wheat,2026-07-22,Hisar,50
845,Wheat,2026-07-22,Ambala,50
846,Wheat,2026-07-23,Hisar,150
847,Wheat,2026-07-23,Ludhiana,50
848,Wheat,2026-07-24,Delhi,100
849,Wheat,2026-07-24,Sonipat,300
850,Wheat,2026-07-25,Rohtak,100
851,Wheat,2026-07-25,Sonipat,200
852,Wheat,2026-07-25,Chandigarh,150
853,Wheat,2026-07-25,Hisar,300
854,Wheat,2026-07-26,Ambala,200
855,Wheat,2026-07-26,Karnal,100
856,Wheat,2026-07-27,Ambala,150
857,Wheat,2026-07-27,Hisar,150
858,Wheat,2026-07-28,Delhi,300
859,Wheat,2026-07-28,Rohtak,300
860,Wheat,2026-07-29,Sonipat,150
861,Wheat,2026-07-29,Rohtak,150
862,Wheat,2026-07-29,Chandigarh,50
863,Wheat,2026-07-29,Rohtak,300
864,Wheat,2026-07-30,Gurugram,50
865,Wheat,2026-07-30,Panipat,50
866,Wheat,2026-07-31,Hisar,150
867,Wheat,2026-07-31,Hisar,200
868,Wheat,2026-07-31,Hisar,200
869,Wheat,2026-08-01,Chandigarh,100
870,Wheat,2026-08-01,Sonipat,200
871,Wheat,2026-08-01,Sonipat,100
872,Wheat,2026-08-01,Chandigarh,200
873,Wheat,2026-08-01,Gurugram,200
874,Wheat,2026-08-02,Sonipat,100
875,Wheat,2026-08-02,Rohtak,50
876,Wheat,2026-08-02,Rohtak,100
877,Wheat,2026-08-02,Ludhiana,200
878,Wheat,2026-08-03,Sonipat,50
879,Wheat,2026-08-03,Sonipat,200
880,Wheat,2026-08-03,Ludhiana,300
881,Wheat,2026-08-03,Hisar,300
882,Wheat,2026-08-03,Sonipat,200
883,Wheat,2026-08-04,Ludhiana,200
884,Wheat,2026-08-05,Gurugram,100
885,Wheat,2026-08-05,Sonipat,200
886,Wheat,2026-08-06,Karnal,300
887,Wheat,2026-08-07,Panipat,200
888,Wheat,2026-08-07,Chandigarh,300
889,Wheat,2026-08-08,Ambala,200
890,Wheat,2026-08-09,Gurugram,50
891,Wheat,2026-08-09,Ambala,200
892,Wheat,2026-08-09,Delhi,100
893,Wheat,2026-08-09,Chandigarh,150
894,Wheat,2026-08-10,Ambala,50
895,Wheat,2026-08-10,Karnal,200
896,Wheat,2026-08-11,Delhi,300
897,Wheat,2026-08-11,Ambala,150
898,Wheat,2026-08-12,Chandigarh,50
899,Wheat,2026-08-13,Ludhiana,200
900,Wheat,2026-08-14,Gurugram,200
901,Wheat,2026-08-14,Gurugram,150
902,Wheat,2026-08-15,Panipat,100
903,Wheat,2026-08-15,Rohtak,300
904,Wheat,2026-08-15,Panipat,300
905,Wheat,2026-08-16,Ambala,100
906,Wheat,2026-08-16,Ambala,50
907,Wheat,2026-08-17,Panipat,300
908,Wheat,2026-08-17,Rohtak,150
909,Wheat,2026-08-17,Ludhiana,50
910,Wheat,2026-08-17,Sonipat,300
911,Wheat,2026-08-18,Panipat,100
912,Wheat,2026-08-18,Ambala,150
913,Wheat,2026-08-18,Panipat,150
914,Wheat,2026-08-18,Rohtak,50
915,Wheat,2026-08-19,Ambala,100
916,Wheat,2026-08-19,Ambala,100
917,Wheat,2026-08-19,Ludhiana,150
918,Wheat,2026-08-20,Karnal,200
919,Wheat,2026-08-20,Sonipat,300
920,Wheat,2026-08-20,Rohtak,150
921,Wheat,2026-08-21,Delhi,100
922,Wheat,2026-08-21,Ambala,100
923,Wheat,2026-08-22,Hisar,200
924,Wheat,2026-08-22,Karnal,200
925,Wheat,2026-08-22,Sonipat,100
926,Wheat,2026-08-22,Ambala,150
927,Wheat,2026-08-23,Rohtak,150
928,Wheat,2026-08-24,Sonipat,200
929,Wheat,2026-08-24,Hisar,200
930,Wheat,2026-08-25,Panipat,200
931,Wheat,2026-08-25,Chandigarh,100
932,Wheat,2026-08-26,Ludhiana,150
933,Wheat,2026-08-27,Sonipat,300
934,Wheat,2026-08-27,Hisar,50
935,Wheat,2026-08-27,Panipat,200
936,Wheat,2026-08-28,Chandigarh,50
937,Wheat,2026-08-28,Delhi,300
938,Wheat,2026-08-29,Gurugram,200
939,Wheat,2026-08-29,Ambala,150
940,Wheat,2026-08-29,Gurugram,150
941,Wheat,2026-08-29,Panipat,50
942,Wheat,2026-08-30,Ludhiana,100
943,Wheat,2026-08-30,Ambala,100
944,Wheat,2026-08-31,Chandigarh,150
945,Wheat,2026-08-31,Sonipat,150
946,Wheat,2026-08-31,Chandigarh,50
947,Wheat,2026-08-31,Rohtak,50
948,Wheat,2026-09-01,Delhi,200
949,Wheat,2026-09-01,Gurugram,100
950,Wheat,2026-09-01,Panipat,150
951,Wheat,2026-09-02,Karnal,50
952,Wheat,2026-09-02,Rohtak,300
953,Wheat,2026-09-03,Karnal,300
954,Wheat,2026-09-03,Delhi,50
955,Wheat,2026-09-03,Delhi,300
956,Wheat,2026-09-03,Sonipat,200
957,Wheat,2026-09-04,Ambala,100
958,Wheat,2026-09-04,Delhi,100
959,Wheat,2026-09-04,Panipat,150
960,Wheat,2026-09-04,Ludhiana,50
961,Wheat,2026-09-05,Panipat,200
962,Wheat,2026-09-07,Gurugram,150
963,Wheat,2026-09-07,Sonipat,50
964,Wheat,2026-09-08,Panipat,50
965,Wheat,2026-09-09,Rohtak,150
966,Wheat,2026-09-09,Panipat,100
967,Wheat,2026-09-10,Ludhiana,50
968,Wheat,2026-09-10,Ludhiana,100
969,Wheat,2026-09-10,Ambala,200
970,Wheat,2026-09-11,Sonipat,300
971,Wheat,2026-09-11,Hisar,100
972,Wheat,2026-09-11,Ambala,50
973,Wheat,2026-09-12,Ludhiana,150
974,Wheat,2026-09-12,Delhi,50
975,Wheat,2026-09-12,Delhi,50
976,Wheat,2026-09-12,Ambala,150
977,Potato,2026-03-17,Ludhiana,100
978,Potato,2026-03-17,Rohtak,50
979,Potato,2026-03-17,Hisar,150
980,Potato,2026-03-18,Sonipat,150
981,Potato,2026-03-18,Hisar,300
982,Potato,2026-03-18,Rohtak,300
983,Potato,2026-03-19,Ludhiana,200
984,Potato,2026-03-19,Hisar,50
985,Potato,2026-03-20,Chandigarh,100
986,Potato,2026-03-20,Rohtak,200
987,Potato,2026-03-21,Ludhiana,50
988,Potato,2026-03-21,Ambala,300
989,Potato,2026-03-21,Gurugram,150
990,Potato,2026-03-21,Panipat,200
991,Potato,2026-03-21,Rohtak,50
992,Potato,2026-03-22,Gurugram,300
993,Potato,2026-03-22,Gurugram,50
994,Potato,2026-03-23,Panipat,100
995,Potato,2026-03-23,Sonipat,300
996,Potato,2026-03-23,Rohtak,200
997,Potato,2026-03-23,Karnal,150
998,Potato,2026-03-24,Hisar,50
999,Potato,2026-03-25,Delhi,200
1000,Potato,2026-03-25,Karnal,100
1001,Potato,2026-03-26,Rohtak,100
1002,Potato,2026-03-26,Rohtak,300
1003,Potato,2026-03-27,Chandigarh,150
1004,Potato,2026-03-27,Ludhiana,300
1005,Potato,2026-03-27,Ludhiana,50
1006,Potato,2026-03-27,Rohtak,150
1007,Potato,2026-03-28,Rohtak,150
1008,Potato,2026-03-28,Rohtak,200
1009,Potato,2026-03-28,Delhi,100
1010,Potato,2026-03-28,Chandigarh,200
1011,Potato,2026-03-28,Chandigarh,100
1012,Potato,2026-03-29,Delhi,50
1013,Potato,2026-03-29,Sonipat,200
1014,Potato,2026-03-29,Rohtak,200
1015,Potato,2026-03-30,Ambala,50
1016,Potato,2026-03-30,Karnal,100
1017,Potato,2026-03-31,Panipat,50
1018,Potato,2026-03-31,Ludhiana,300
1019,Potato,2026-03-31,Sonipat,300
1020,Potato,2026-03-31,Delhi,50
1021,Potato,2026-04-01,Delhi,200
1022,Potato,2026-04-01,Ambala,300
1023,Potato,2026-04-01,Karnal,50
1024,Potato,2026-04-02,Hisar,150
1025,Potato,2026-04-02,Delhi,300
1026,Potato,2026-04-02,Chandigarh,100
1027,Potato,2026-04-03,Gurugram,100
1028,Potato,2026-04-03,Rohtak,300
1029,Potato,2026-04-04,Panipat,100
1030,Potato,2026-04-04,Hisar,100
1031,Potato,2026-04-04,Gurugram,300
1032,Potato,2026-04-04,Sonipat,200
1033,Potato,2026-04-05,Karnal,300
1034,Potato,2026-04-05,Rohtak,100
1035,Potato,2026-04-05,Delhi,300
1036,Potato,2026-04-06,Ludhiana,50
1037,Potato,2026-04-06,Rohtak,50
1038,Potato,2026-04-07,Sonipat,50
1039,Potato,2026-04-07,Ambala,150
1040,Potato,2026-04-07,Hisar,200
1041,Potato,2026-04-08,Panipat,300
1042,Potato,2026-04-08,Ludhiana,200
1043,Potato,2026-04-09,Karnal,100
1044,Potato,2026-04-09,Ambala,50
1045,Potato,2026-04-10,Ambala,50
1046,Potato,2026-04-10,Panipat,150
1047,Potato,2026-04-11,Hisar,50
1048,Potato,2026-04-11,Chandigarh,100
1049,Potato,2026-04-11,Karnal,50
1050,Potato,2026-04-12,Ambala,150
1051,Potato,2026-04-12,Chandigarh,300
1052,Potato,2026-04-12,Karnal,200
1053,Potato,2026-04-12,Karnal,150
1054,Potato,2026-04-12,Rohtak,100
1055,Potato,2026-04-13,Delhi,100
1056,Potato,2026-04-13,Ludhiana,200
1057,Potato,2026-04-14,Rohtak,50
1058,Potato,2026-04-14,Gurugram,150
1059,Potato,2026-04-14,Karnal,200
1060,Potato,2026-04-15,Panipat,150
1061,Potato,2026-04-15,Ambala,200
1062,Potato,2026-04-15,Rohtak,50
1063,Potato,2026-04-15,Rohtak,300
1064,Potato,2026-04-16,Ludhiana,300
1065,Potato,2026-04-16,Delhi,50
1066,Potato,2026-04-16,Karnal,200
1067,Potato,2026-04-17,Ambala,300
1068,Potato,2026-04-17,Gurugram,200
1069,Potato,2026-04-17,Karnal,150
1070,Potato,2026-04-17,Karnal,50
1071,Potato,2026-04-17,Gurugram,100
1072,Potato,2026-04-18,Karnal,200
1073,Potato,2026-04-18,Karnal,50
1074,Potato,2026-04-18,Ludhiana,300
1075,Potato,2026-04-18,Ludhiana,50
1076,Potato,2026-04-18,Hisar,100
1077,Potato,2026-04-19,Karnal,300
1078,Potato,2026-04-19,Ludhiana,100
1079,Potato,2026-04-19,Hisar,150
1080,Potato,2026-04-19,Sonipat,200
1081,Potato,2026-04-20,Panipat,100
1082,Potato,2026-04-20,Gurugram,100
1083,Potato,2026-04-21,Rohtak,300
1084,Potato,2026-04-22,Ludhiana,200
1085,Potato,2026-04-22,Hisar,100
1086,Potato,2026-04-22,Gurugram,100
1087,Potato,2026-04-23,Panipat,300
1088,Potato,2026-04-23,Sonipat,300
1089,Potato,2026-04-23,Sonipat,300
1090,Potato,2026-04-24,Delhi,200
1091,Potato,2026-04-24,Chandigarh,200
1092,Potato,2026-04-24,Karnal,300
1093,Potato,2026-04-24,Ludhiana,200
1094,Potato,2026-04-24,Panipat,50
1095,Potato,2026-04-25,Hisar,100
1096,Potato,2026-04-25,Karnal,150
1097,Potato,2026-04-25,Hisar,300
1098,Potato,2026-04-26,Sonipat,300
1099,Potato,2026-04-26,Rohtak,200
1100,Potato,2026-04-26,Rohtak,50
1101,Potato,2026-04-27,Ludhiana,300
1102,Potato,2026-04-27,Rohtak,200
1103,Potato,2026-04-27,Chandigarh,200
1104,Potato,2026-04-27,Ludhiana,50
1105,Potato,2026-04-27,Ludhiana,200
1106,Potato,2026-04-28,Rohtak,200
1107,Potato,2026-04-28,Karnal,100
1108,Potato,2026-04-28,Gurugram,150
1109,Potato,2026-04-29,Karnal,50
1110,Potato,2026-04-29,Rohtak,200
1111,Potato,2026-04-29,Panipat,100
1112,Potato,2026-04-29,Ludhiana,300
1113,Potato,2026-04-30,Ludhiana,200
1114,Potato,2026-04-30,Sonipat,200
1115,Potato,2026-04-30,Sonipat,150
1116,Potato,2026-05-01,Ludhiana,50
1117,Potato,2026-05-01,Delhi,200
1118,Potato,2026-05-01,Gurugram,300
1119,Potato,2026-05-02,Panipat,300
1120,Potato,2026-05-02,Chandigarh,300
1121,Potato,2026-05-02,Karnal,50
1122,Potato,2026-05-02,Ambala,150
1123,Potato,2026-05-03,Rohtak,300
1124,Potato,2026-05-03,Gurugram,50
1125,Potato,2026-05-03,Delhi,200
1126,Potato,2026-05-04,Gurugram,150
1127,Potato,2026-05-04,Sonipat,300
1128,Potato,2026-05-05,Delhi,300
1129,Potato,2026-05-05,Karnal,100
1130,Potato,2026-05-05,Gurugram,100
1131,Potato,2026-05-05,Chandigarh,50
1132,Potato,2026-05-06,Ambala,100
1133,Potato,2026-05-06,Karnal,150
1134,Potato,2026-05-07,Gurugram,150
1135,Potato,2026-05-08,Rohtak,50
1136,Potato,2026-05-08,Gurugram,150
1137,Potato,2026-05-09,Ludhiana,200
1138,Potato,2026-05-09,Chandigarh,300
1139,Potato,2026-05-09,Delhi,200
1140,Potato,2026-05-10,Chandigarh,150
1141,Potato,2026-05-10,Ludhiana,300
1142,Potato,2026-05-11,Gurugram,50
1143,Potato,2026-05-12,Delhi,50
1144,Potato,2026-05-12,Hisar,100
1145,Potato,2026-05-12,Panipat,50
1146,Potato,2026-05-13,Delhi,100
1147,Potato,2026-05-13,Panipat,50
1148,Potato,2026-05-13,Sonipat,200
1149,Potato,2026-05-13,Sonipat,100
1150,Potato,2026-05-14,Panipat,200
1151,Potato,2026-05-15,Chandigarh,100
1152,Potato,2026-05-15,Ludhiana,150
1153,Potato,2026-05-15,Hisar,200
1154,Potato,2026-05-16,Karnal,50
1155,Potato,2026-05-16,Rohtak,100
1156,Potato,2026-05-16,Chandigarh,150
1157,Potato,2026-05-17,Hisar,300
1158,Potato,2026-05-17,Gurugram,150
1159,Potato,2026-05-18,Chandigarh,300
1160,Potato,2026-05-19,Ludhiana,200
1161,Potato,2026-05-19,Panipat,300
1162,Potato,2026-05-19,Sonipat,150
1163,Potato,2026-05-20,Ludhiana,150
1164,Potato,2026-05-20,Panipat,50
1165,Potato,2026-05-20,Sonipat,150
1166,Potato,2026-05-21,Panipat,200
1167,Potato,2026-05-21,Sonipat,300
1168,Potato,2026-05-21,Sonipat,300
1169,Potato,2026-05-22,Sonipat,100
1170,Potato,2026-05-22,Karnal,50
1171,Potato,2026-05-22,Rohtak,150
1172,Potato,2026-05-23,Ambala,100
1173,Potato,2026-05-23,Ludhiana,150
1174,Potato,2026-05-23,Gurugram,100
1175,Potato,2026-05-23,Karnal,300
1176,Potato,2026-05-23,Rohtak,150
1177,Potato,2026-05-23,Gurugram,100
1178,Potato,2026-05-24,Sonipat,300
1179,Potato,2026-05-24,Panipat,50
1180,Potato,2026-05-25,Rohtak,200
1181,Potato,2026-05-25,Ludhiana,100
1182,Potato,2026-05-25,Ludhiana,150
1183,Potato,2026-05-26,Chandigarh,300
1184,Potato,2026-05-26,Gurugram,150
1185,Potato,2026-05-26,Ludhiana,150
1186,Potato,2026-05-26,Ambala,100
1187,Potato,2026-05-27,Ambala,200
1188,Potato,2026-05-27,Gurugram,50
1189,Potato,2026-05-27,Ludhiana,50
1190,Potato,2026-05-27,Sonipat,300
1191,Potato,2026-05-27,Delhi,150
1192,Potato,2026-05-28,Karnal,200
1193,Potato,2026-05-28,Gurugram,50
1194,Potato,2026-05-28,Gurugram,50
1195,Potato,2026-05-28,Ambala,100
1196,Potato,2026-05-29,Ambala,300
1197,Potato,2026-05-29,Karnal,150
1198,Potato,2026-05-29,Karnal,50
1199,Potato,2026-05-30,Delhi,300
1200,Potato,2026-05-30,Hisar,100
1201,Potato,2026-05-30,Ludhiana,150
1202,Potato,2026-05-30,Ambala,300
1203,Potato,2026-05-30,Chandigarh,50
1204,Potato,2026-05-31,Gurugram,200
1205,Potato,2026-05-31,Sonipat,200
1206,Potato,2026-05-31,Gurugram,200
1207,Potato,2026-06-01,Gurugram,150
1208,Potato,2026-06-01,Ludhiana,300
1209,Potato,2026-06-02,Delhi,100
1210,Potato,2026-06-02,Ludhiana,200
1211,Potato,2026-06-02,Ludhiana,150
1212,Potato,2026-06-03,Hisar,200
1213,Potato,2026-06-03,Sonipat,300
1214,Potato,2026-06-03,Ambala,50
1215,Potato,2026-06-04,Sonipat,100
1216,Potato,2026-06-04,Panipat,200
1217,Potato,2026-06-04,Chandigarh,150
1218,Potato,2026-06-04,Delhi,300
1219,Potato,2026-06-05,Hisar,150
1220,Potato,2026-06-05,Hisar,100
1221,Potato,2026-06-05,Chandigarh,200
1222,Potato,2026-06-06,Ambala,100
1223,Potato,2026-06-06,Karnal,100
1224,Potato,2026-06-06,Hisar,150
1225,Potato,2026-06-07,Panipat,300
1226,Potato,2026-06-07,Panipat,200
1227,Potato,2026-06-08,Chandigarh,200
1228,Potato,2026-06-08,Karnal,50
1229,Potato,2026-06-09,Panipat,200
1230,Potato,2026-06-09,Delhi,150
1231,Potato,2026-06-10,Hisar,100
1232,Potato,2026-06-10,Ludhiana,100
1233,Potato,2026-06-11,Ludhiana,50
1234,Potato,2026-06-11,Ambala,150
1235,Potato,2026-06-11,Ambala,200
1236,Potato,2026-06-11,Ambala,200
1237,Potato,2026-06-12,Panipat,200
1238,Potato,2026-06-12,Delhi,150
1239,Potato,2026-06-12,Chandigarh,300
1240,Potato,2026-06-13,Ambala,50
1241,Potato,2026-06-13,Sonipat,150
1242,Potato,2026-06-13,Ludhiana,100
1243,Potato,2026-06-13,Gurugram,100
1244,Potato,2026-06-14,Rohtak,150
1245,Potato,2026-06-14,Gurugram,200
1246,Potato,2026-06-15,Rohtak,150
1247,Potato,2026-06-17,Delhi,300
1248,Potato,2026-06-17,Karnal,100
1249,Potato,2026-06-18,Delhi,300
1250,Potato,2026-06-18,Sonipat,300
1251,Potato,2026-06-18,Gurugram,150
1252,Potato,2026-06-18,Panipat,150
1253,Potato,2026-06-19,Delhi,300
1254,Potato,2026-06-19,Ambala,150
1255,Potato,2026-06-20,Sonipat,50
1256,Potato,2026-06-20,Sonipat,300
1257,Potato,2026-06-21,Hisar,150
1258,Potato,2026-06-21,Sonipat,50
1259,Potato,2026-06-22,Karnal,100
1260,Potato,2026-06-22,Chandigarh,100
1261,Potato,2026-06-22,Karnal,300
1262,Potato,2026-06-22,Ambala,300
1263,Potato,2026-06-23,Delhi,200
1264,Potato,2026-06-23,Ludhiana,50
1265,Potato,2026-06-23,Delhi,100
1266,Potato,2026-06-24,Rohtak,200
1267,Potato,2026-06-25,Sonipat,200
1268,Potato,2026-06-26,Ambala,300
1269,Potato,2026-06-26,Gurugram,100
1270,Potato,2026-06-26,Panipat,50
1271,Potato,2026-06-26,Delhi,100
1272,Potato,2026-06-27,Karnal,150
1273,Potato,2026-06-27,Sonipat,100
1274,Potato,2026-06-27,Sonipat,50
1275,Potato,2026-06-27,Hisar,50
1276,Potato,2026-06-28,Delhi,50
1277,Potato,2026-06-28,Ludhiana,200
1278,Potato,2026-06-28,Rohtak,100
1279,Potato,2026-06-29,Chandigarh,300
1280,Potato,2026-06-29,Rohtak,200
1281,Potato,2026-06-29,Delhi,150
1282,Potato,2026-06-29,Rohtak,50
1283,Potato,2026-06-30,Panipat,50
1284,Potato,2026-06-30,Delhi,50
1285,Potato,2026-06-30,Ambala,100
1286,Potato,2026-07-01,Gurugram,50
1287,Potato,2026-07-01,Delhi,100
1288,Potato,2026-07-02,Panipat,300
1289,Potato,2026-07-02,Gurugram,150
1290,Potato,2026-07-03,Ambala,100
1291,Potato,2026-07-03,Chandigarh,300
1292,Potato,2026-07-03,Delhi,50
1293,Potato,2026-07-04,Ambala,50
1294,Potato,2026-07-04,Chandigarh,100
1295,Potato,2026-07-04,Karnal,150
1296,Potato,2026-07-04,Sonipat,300
1297,Potato,2026-07-05,Karnal,300
1298,Potato,2026-07-05,Ludhiana,150
1299,Potato,2026-07-05,Ambala,100
1300,Potato,2026-07-05,Ludhiana,50
1301,Potato,2026-07-06,Sonipat,150
1302,Potato,2026-07-06,Hisar,200
1303,Potato,2026-07-07,Delhi,150
1304,Potato,2026-07-07,Delhi,200
1305,Potato,2026-07-08,Delhi,300
1306,Potato,2026-07-08,Sonipat,200
1307,Potato,2026-07-08,Gurugram,150
1308,Potato,2026-07-09,Gurugram,200
1309,Potato,2026-07-09,Delhi,200
1310,Potato,2026-07-10,Panipat,200
1311,Potato,2026-07-10,Ambala,150
1312,Potato,2026-07-10,Ludhiana,100
1313,Potato,2026-07-11,Hisar,100
1314,Potato,2026-07-11,Delhi,200
1315,Potato,2026-07-12,Gurugram,100
1316,Potato,2026-07-12,Rohtak,200
1317,Potato,2026-07-13,Chandigarh,50
1318,Potato,2026-07-13,Delhi,100
1319,Potato,2026-07-14,Hisar,200
1320,Potato,2026-07-15,Sonipat,50
1321,Potato,2026-07-17,Karnal,300
1322,Potato,2026-07-17,Hisar,50
1323,Potato,2026-07-18,Karnal,200
1324,Potato,2026-07-18,Ludhiana,150
1325,Potato,2026-07-18,Ambala,300
1326,Potato,2026-07-19,Hisar,150
1327,Potato,2026-07-19,Ludhiana,300
1328,Potato,2026-07-20,Hisar,200
1329,Potato,2026-07-20,Chandigarh,150
1330,Potato,2026-07-20,Sonipat,200
1331,Potato,2026-07-20,Delhi,50
1332,Potato,2026-07-21,Sonipat,50
1333,Potato,2026-07-21,Delhi,50
1334,Potato,2026-07-22,Delhi,200
1335,Potato,2026-07-22,Rohtak,100
1336,Potato,2026-07-22,Hisar,300
1337,Potato,2026-07-23,Ambala,300
1338,Potato,2026-07-23,Delhi,50
1339,Potato,2026-07-24,Chandigarh,200
1340,Potato,2026-07-24,Ludhiana,100
1341,Potato,2026-07-25,Chandigarh,150
1342,Potato,2026-07-25,Chandigarh,150
1343,Potato,2026-07-26,Chandigarh,300
1344,Potato,2026-07-26,Rohtak,50
1345,Potato,2026-07-26,Hisar,50
1346,Potato,2026-07-27,Hisar,200
1347,Potato,2026-07-27,Ludhiana,50
1348,Potato,2026-07-28,Rohtak,100
1349,Potato,2026-07-28,Chandigarh,150
1350,Potato,2026-07-28,Sonipat,200
1351,Potato,2026-07-29,Hisar,200
1352,Potato,2026-07-30,Delhi,300
1353,Potato,2026-07-30,Ludhiana,300
1354,Potato,2026-07-30,Chandigarh,300
1355,Potato,2026-07-31,Sonipat,300
1356,Potato,2026-07-31,Rohtak,200
1357,Potato,2026-08-01,Panipat,200
1358,Potato,2026-08-01,Ambala,200
1359,Potato,2026-08-01,Ambala,150
1360,Potato,2026-08-02,Rohtak,50
1361,Potato,2026-08-02,Ambala,50
1362,Potato,2026-08-03,Sonipat,150
1363,Potato,2026-08-04,Rohtak,150
1364,Potato,2026-08-05,Hisar,50
1365,Potato,2026-08-05,Hisar,150
1366,Potato,2026-08-05,Gurugram,200
1367,Potato,2026-08-06,Karnal,100
1368,Potato,2026-08-07,Panipat,300
1369,Potato,2026-08-07,Delhi,50
1370,Potato,2026-08-07,Panipat,50
1371,Potato,2026-08-07,Gurugram,100
1372,Potato,2026-08-08,Ludhiana,200
1373,Potato,2026-08-08,Ambala,300
1374,Potato,2026-08-08,Hisar,150
1375,Potato,2026-08-09,Rohtak,200
1376,Potato,2026-08-09,Ambala,50
1377,Potato,2026-08-10,Hisar,150
1378,Potato,2026-08-10,Ambala,50
1379,Potato,2026-08-10,Ludhiana,50
1380,Potato,2026-08-11,Karnal,150
1381,Potato,2026-08-11,Ludhiana,300
1382,Potato,2026-08-12,Sonipat,300
1383,Potato,2026-08-12,Panipat,150
1384,Potato,2026-08-12,Hisar,100
1385,Potato,2026-08-13,Ludhiana,50
1386,Potato,2026-08-14,Panipat,150
1387,Potato,2026-08-14,Rohtak,150
1388,Potato,2026-08-14,Ambala,200
1389,Potato,2026-08-15,Karnal,300
1390,Potato,2026-08-15,Delhi,300
1391,Potato,2026-08-16,Delhi,300
1392,Potato,2026-08-16,Chandigarh,200
1393,Potato,2026-08-16,Hisar,100
1394,Potato,2026-08-17,Gurugram,50
1395,Potato,2026-08-17,Panipat,300
1396,Potato,2026-08-17,Panipat,200
1397,Potato,2026-08-18,Hisar,200
1398,Potato,2026-08-18,Panipat,300
1399,Potato,2026-08-19,Chandigarh,200
1400,Potato,2026-08-20,Rohtak,300
1401,Potato,2026-08-21,Sonipat,300
1402,Potato,2026-08-22,Ludhiana,150
1403,Potato,2026-08-23,Chandigarh,300
1404,Potato,2026-08-23,Hisar,300
1405,Potato,2026-08-24,Karnal,150
1406,Potato,2026-08-24,Ludhiana,100
1407,Potato,2026-08-25,Karnal,100
1408,Potato,2026-08-25,Panipat,200
1409,Potato,2026-08-27,Delhi,100
1410,Potato,2026-08-27,Hisar,150
1411,Potato,2026-08-27,Panipat,100
1412,Potato,2026-08-28,Hisar,100
1413,Potato,2026-08-28,Delhi,100
1414,Potato,2026-08-28,Karnal,50
1415,Potato,2026-08-29,Karnal,150
1416,Potato,2026-08-29,Ludhiana,200
1417,Potato,2026-08-29,Chandigarh,200
1418,Potato,2026-08-29,Hisar,50
1419,Potato,2026-08-30,Rohtak,150
1420,Potato,2026-08-30,Panipat,300
1421,Potato,2026-08-31,Sonipat,50
1422,Potato,2026-08-31,Ludhiana,50
1423,Potato,2026-08-31,Rohtak,50
1424,Potato,2026-09-01,Delhi,200
1425,Potato,2026-09-01,Gurugram,50
1426,Potato,2026-09-02,Hisar,100
1427,Potato,2026-09-02,Karnal,50
1428,Potato,2026-09-02,Ambala,300
1429,Potato,2026-09-03,Ambala,300
1430,Potato,2026-09-03,Panipat,200
1431,Potato,2026-09-03,Delhi,100
1432,Potato,2026-09-04,Ambala,50
1433,Potato,2026-09-04,Gurugram,150
1434,Potato,2026-09-05,Karnal,200
1435,Potato,2026-09-05,Karnal,100
1436,Potato,2026-09-05,Delhi,100
1437,Potato,2026-09-05,Karnal,150
1438,Potato,2026-09-06,Ludhiana,200
1439,Potato,2026-09-07,Ludhiana,300
1440,Potato,2026-09-07,Gurugram,50
1441,Potato,2026-09-08,Gurugram,300
1442,Potato,2026-09-08,Hisar,200
1443,Potato,2026-09-08,Karnal,150
1444,Potato,2026-09-08,Sonipat,150
1445,Potato,2026-09-09,Panipat,50
1446,Potato,2026-09-10,Ambala,50
1447,Potato,2026-09-10,Rohtak,100
1448,Potato,2026-09-11,Gurugram,50
1449,Potato,2026-09-11,Chandigarh,100
1450,Potato,2026-09-11,Ludhiana,200
1451,Potato,2026-09-12,Rohtak,200
1452,Potato,2026-09-12,Panipat,150
1453,Potato,2026-09-12,Delhi,100
1454,Potato,2026-09-12,Panipat,100
1455,Onion,2026-03-17,Ludhiana,150
1456,Onion,2026-03-17,Hisar,50
1457,Onion,2026-03-17,Panipat,50
1458,Onion,2026-03-18,Ludhiana,200
1459,Onion,2026-03-18,Hisar,150
1460,Onion,2026-03-19,Delhi,100
1461,Onion,2026-03-19,Panipat,300
1462,Onion,2026-03-20,Delhi,150
1463,Onion,2026-03-21,Chandigarh,150
1464,Onion,2026-03-21,Ludhiana,50
1465,Onion,2026-03-22,Rohtak,100
1466,Onion,2026-03-22,Ludhiana,100
1467,Onion,2026-03-22,Rohtak,200
1468,Onion,2026-03-23,Ambala,50
1469,Onion,2026-03-23,Delhi,100
1470,Onion,2026-03-23,Karnal,300
1471,Onion,2026-03-24,Sonipat,300
1472,Onion,2026-03-24,Hisar,150
1473,Onion,2026-03-24,Ludhiana,200
1474,Onion,2026-03-25,Sonipat,300
1475,Onion,2026-03-25,Gurugram,150
1476,Onion,2026-03-25,Karnal,50
1477,Onion,2026-03-26,Hisar,150
1478,Onion,2026-03-26,Sonipat,200
1479,Onion,2026-03-27,Ambala,100
1480,Onion,2026-03-27,Rohtak,50
1481,Onion,2026-03-27,Chandigarh,300
1482,Onion,2026-03-27,Karnal,50
1483,Onion,2026-03-27,Ludhiana,100
1484,Onion,2026-03-28,Panipat,100
1485,Onion,2026-03-29,Ambala,150
1486,Onion,2026-03-29,Sonipat,50
1487,Onion,2026-03-29,Gurugram,100
1488,Onion,2026-03-29,Ambala,50
1489,Onion,2026-03-30,Rohtak,300
1490,Onion,2026-03-30,Hisar,200
1491,Onion,2026-03-30,Ludhiana,50
1492,Onion,2026-03-31,Panipat,150
1493,Onion,2026-03-31,Ludhiana,200
1494,Onion,2026-04-01,Sonipat,200
1495,Onion,2026-04-01,Karnal,300
1496,Onion,2026-04-01,Karnal,150
1497,Onion,2026-04-02,Sonipat,200
1498,Onion,2026-04-02,Sonipat,50
1499,Onion,2026-04-03,Panipat,150
1500,Onion,2026-04-03,Karnal,300
1501,Onion,2026-04-04,Ambala,200
1502,Onion,2026-04-04,Delhi,50
1503,Onion,2026-04-05,Ludhiana,100
1504,Onion,2026-04-05,Gurugram,200
1505,Onion,2026-04-06,Hisar,300
1506,Onion,2026-04-06,Panipat,50
1507,Onion,2026-04-07,Delhi,300
1508,Onion,2026-04-08,Karnal,200
1509,Onion,2026-04-08,Gurugram,300
1510,Onion,2026-04-08,Ambala,50
1511,Onion,2026-04-09,Rohtak,150
1512,Onion,2026-04-09,Chandigarh,300
1513,Onion,2026-04-10,Gurugram,100
1514,Onion,2026-04-11,Chandigarh,50
1515,Onion,2026-04-11,Ambala,100
1516,Onion,2026-04-11,Panipat,100
1517,Onion,2026-04-11,Chandigarh,200
1518,Onion,2026-04-11,Gurugram,200
1519,Onion,2026-04-12,Chandigarh,200
1520,Onion,2026-04-12,Sonipat,150
1521,Onion,2026-04-12,Delhi,150
1522,Onion,2026-04-13,Rohtak,100
1523,Onion,2026-04-13,Ludhiana,150
1524,Onion,2026-04-13,Gurugram,200
1525,Onion,2026-04-14,Ambala,150
1526,Onion,2026-04-14,Chandigarh,150
1527,Onion,2026-04-15,Hisar,100
1528,Onion,2026-04-15,Gurugram,200
1529,Onion,2026-04-15,Sonipat,300
1530,Onion,2026-04-15,Ludhiana,50
1531,Onion,2026-04-16,Sonipat,50
1532,Onion,2026-04-16,Ludhiana,150
1533,Onion,2026-04-17,Sonipat,200
1534,Onion,2026-04-17,Hisar,50
1535,Onion,2026-04-17,Ludhiana,50
1536,Onion,2026-04-19,Chandigarh,200
1537,Onion,2026-04-19,Ludhiana,200
1538,Onion,2026-04-19,Delhi,100
1539,Onion,2026-04-20,Panipat,100
1540,Onion,2026-04-20,Sonipat,300
1541,Onion,2026-04-21,Panipat,300
1542,Onion,2026-04-21,Ambala,100
1543,Onion,2026-04-23,Chandigarh,300
1544,Onion,2026-04-24,Karnal,200
1545,Onion,2026-04-24,Delhi,150
1546,Onion,2026-04-24,Rohtak,150
1547,Onion,2026-04-24,Delhi,200
1548,Onion,2026-04-25,Gurugram,300
1549,Onion,2026-04-25,Delhi,150
1550,Onion,2026-04-25,Sonipat,50
1551,Onion,2026-04-25,Delhi,200
1552,Onion,2026-04-25,Ludhiana,200
1553,Onion,2026-04-26,Rohtak,150
1554,Onion,2026-04-26,Rohtak,300
1555,Onion,2026-04-27,Ludhiana,150
1556,Onion,2026-04-27,Ambala,100
1557,Onion,2026-04-28,Panipat,150
1558,Onion,2026-04-28,Rohtak,50
1559,Onion,2026-04-29,Chandigarh,300
1560,Onion,2026-04-29,Hisar,50
1561,Onion,2026-04-30,Hisar,50
1562,Onion,2026-04-30,Rohtak,100
1563,Onion,2026-05-01,Sonipat,200
1564,Onion,2026-05-01,Hisar,150
1565,Onion,2026-05-01,Sonipat,50
1566,Onion,2026-05-02,Panipat,300
1567,Onion,2026-05-02,Sonipat,150
1568,Onion,2026-05-03,Delhi,150
1569,Onion,2026-05-03,Chandigarh,100
1570,Onion,2026-05-03,Ludhiana,200
1571,Onion,2026-05-03,Hisar,200
1572,Onion,2026-05-04,Delhi,200
1573,Onion,2026-05-04,Gurugram,300
1574,Onion,2026-05-05,Sonipat,200
1575,Onion,2026-05-05,Hisar,50
1576,Onion,2026-05-05,Rohtak,300
1577,Onion,2026-05-06,Karnal,100
1578,Onion,2026-05-07,Ludhiana,300
1579,Onion,2026-05-07,Chandigarh,50
1580,Onion,2026-05-07,Panipat,200
1581,Onion,2026-05-08,Ludhiana,150
1582,Onion,2026-05-09,Sonipat,100
1583,Onion,2026-05-09,Panipat,100
1584,Onion,2026-05-09,Chandigarh,200
1585,Onion,2026-05-10,Delhi,50
1586,Onion,2026-05-10,Chandigarh,50
1587,Onion,2026-05-11,Chandigarh,200
1588,Onion,2026-05-11,Hisar,50
1589,Onion,2026-05-13,Panipat,150
1590,Onion,2026-05-13,Panipat,300
1591,Onion,2026-05-14,Delhi,200
1592,Onion,2026-05-14,Sonipat,100
1593,Onion,2026-05-14,Hisar,50
1594,Onion,2026-05-15,Delhi,200
1595,Onion,2026-05-15,Panipat,150
1596,Onion,2026-05-15,Ambala,200
1597,Onion,2026-05-16,Panipat,150
1598,Onion,2026-05-16,Sonipat,100
1599,Onion,2026-05-16,Sonipat,50
1600,Onion,2026-05-17,Ambala,150
1601,Onion,2026-05-18,Chandigarh,50
1602,Onion,2026-05-18,Rohtak,200
1603,Onion,2026-05-19,Delhi,50
1604,Onion,2026-05-19,Sonipat,200
1605,Onion,2026-05-20,Ambala,200
1606,Onion,2026-05-21,Panipat,300
1607,Onion,2026-05-21,Ambala,150
1608,Onion,2026-05-22,Hisar,150
1609,Onion,2026-05-22,Delhi,100
1610,Onion,2026-05-24,Rohtak,100
1611,Onion,2026-05-24,Rohtak,100
1612,Onion,2026-05-25,Ludhiana,100
1613,Onion,2026-05-25,Karnal,200
1614,Onion,2026-05-26,Chandigarh,100
1615,Onion,2026-05-26,Delhi,150
1616,Onion,2026-05-26,Ludhiana,100
1617,Onion,2026-05-28,Sonipat,100
1618,Onion,2026-05-28,Ludhiana,200
1619,Onion,2026-05-29,Ludhiana,50
1620,Onion,2026-05-29,Ludhiana,300
1621,Onion,2026-05-29,Karnal,100
1622,Onion,2026-05-30,Hisar,50
1623,Onion,2026-05-30,Gurugram,50
1624,Onion,2026-05-31,Delhi,200
1625,Onion,2026-05-31,Hisar,200
1626,Onion,2026-05-31,Ambala,300
1627,Onion,2026-05-31,Chandigarh,150
1628,Onion,2026-06-01,Chandigarh,300
1629,Onion,2026-06-01,Ambala,200
1630,Onion,2026-06-01,Karnal,50
1631,Onion,2026-06-02,Chandigarh,50
1632,Onion,2026-06-02,Hisar,300
1633,Onion,2026-06-03,Hisar,200
1634,Onion,2026-06-03,Delhi,200
1635,Onion,2026-06-04,Ambala,150
1636,Onion,2026-06-04,Ludhiana,200
1637,Onion,2026-06-05,Karnal,200
1638,Onion,2026-06-05,Gurugram,200
1639,Onion,2026-06-05,Karnal,300
1640,Onion,2026-06-05,Karnal,300
1641,Onion,2026-06-06,Gurugram,300
1642,Onion,2026-06-06,Ludhiana,100
1643,Onion,2026-06-06,Panipat,200
1644,Onion,2026-06-07,Gurugram,200
1645,Onion,2026-06-07,Sonipat,300
1646,Onion,2026-06-07,Karnal,150
1647,Onion,2026-06-07,Delhi,200
1648,Onion,2026-06-08,Sonipat,100
1649,Onion,2026-06-08,Karnal,100
1650,Onion,2026-06-09,Hisar,200
1651,Onion,2026-06-09,Panipat,100
1652,Onion,2026-06-10,Karnal,300
1653,Onion,2026-06-10,Rohtak,50
1654,Onion,2026-06-11,Sonipat,100
1655,Onion,2026-06-11,Chandigarh,50
1656,Onion,2026-06-12,Delhi,150
1657,Onion,2026-06-12,Hisar,50
1658,Onion,2026-06-12,Ambala,100
1659,Onion,2026-06-13,Panipat,150
1660,Onion,2026-06-13,Gurugram,50
1661,Onion,2026-06-13,Chandigarh,150
1662,Onion,2026-06-14,Sonipat,300
1663,Onion,2026-06-14,Ambala,50
1664,Onion,2026-06-14,Rohtak,200
1665,Onion,2026-06-15,Delhi,50
1666,Onion,2026-06-15,Ambala,300
1667,Onion,2026-06-15,Delhi,300
1668,Onion,2026-06-17,Delhi,100
1669,Onion,2026-06-17,Gurugram,100
1670,Onion,2026-06-17,Panipat,200
1671,Onion,2026-06-18,Chandigarh,200
1672,Onion,2026-06-18,Delhi,100
1673,Onion,2026-06-19,Sonipat,50
1674,Onion,2026-06-19,Karnal,200
1675,Onion,2026-06-20,Hisar,50
1676,Onion,2026-06-20,Karnal,200
1677,Onion,2026-06-21,Delhi,150
1678,Onion,2026-06-21,Gurugram,200
1679,Onion,2026-06-22,Gurugram,100
1680,Onion,2026-06-22,Sonipat,300
1681,Onion,2026-06-22,Hisar,100
1682,Onion,2026-06-23,Hisar,200
1683,Onion,2026-06-23,Chandigarh,150
1684,Onion,2026-06-23,Rohtak,200
1685,Onion,2026-06-24,Sonipat,50
1686,Onion,2026-06-24,Chandigarh,50
1687,Onion,2026-06-24,Delhi,150
1688,Onion,2026-06-25,Sonipat,200
1689,Onion,2026-06-26,Rohtak,200
1690,Onion,2026-06-26,Rohtak,100
1691,Onion,2026-06-26,Ambala,50
1692,Onion,2026-06-26,Chandigarh,150
1693,Onion,2026-06-26,Hisar,200
1694,Onion,2026-06-27,Panipat,150
1695,Onion,2026-06-27,Gurugram,50
1696,Onion,2026-06-27,Panipat,300
1697,Onion,2026-06-27,Ambala,100
1698,Onion,2026-06-28,Hisar,200
1699,Onion,2026-06-29,Ambala,300
1700,Onion,2026-06-30,Ludhiana,150
1701,Onion,2026-07-01,Hisar,100
1702,Onion,2026-07-01,Panipat,50
1703,Onion,2026-07-01,Rohtak,300
1704,Onion,2026-07-01,Gurugram,200
1705,Onion,2026-07-02,Sonipat,300
1706,Onion,2026-07-03,Delhi,300
1707,Onion,2026-07-03,Chandigarh,150
1708,Onion,2026-07-03,Chandigarh,150
1709,Onion,2026-07-03,Sonipat,50
1710,Onion,2026-07-04,Rohtak,300
1711,Onion,2026-07-04,Ambala,150
1712,Onion,2026-07-04,Karnal,150
1713,Onion,2026-07-05,Delhi,50
1714,Onion,2026-07-05,Gurugram,150
1715,Onion,2026-07-07,Rohtak,50
1716,Onion,2026-07-07,Ludhiana,150
1717,Onion,2026-07-08,Ambala,50
1718,Onion,2026-07-08,Ludhiana,150
1719,Onion,2026-07-09,Ambala,300
1720,Onion,2026-07-09,Chandigarh,300
1721,Onion,2026-07-09,Karnal,150
1722,Onion,2026-07-09,Panipat,150
1723,Onion,2026-07-10,Ambala,100
1724,Onion,2026-07-10,Hisar,300
1725,Onion,2026-07-10,Karnal,50
1726,Onion,2026-07-11,Gurugram,200
1727,Onion,2026-07-11,Delhi,100
1728,Onion,2026-07-12,Hisar,200
1729,Onion,2026-07-12,Delhi,50
1730,Onion,2026-07-12,Rohtak,200
1731,Onion,2026-07-13,Ludhiana,50
1732,Onion,2026-07-13,Gurugram,300
1733,Onion,2026-07-13,Hisar,300
1734,Onion,2026-07-14,Chandigarh,300
1735,Onion,2026-07-14,Hisar,150
1736,Onion,2026-07-15,Ludhiana,200
1737,Onion,2026-07-16,Hisar,100
1738,Onion,2026-07-16,Sonipat,300
1739,Onion,2026-07-17,Sonipat,300
1740,Onion,2026-07-17,Chandigarh,50
1741,Onion,2026-07-17,Karnal,200
1742,Onion,2026-07-17,Ludhiana,50
1743,Onion,2026-07-18,Sonipat,300
1744,Onion,2026-07-18,Gurugram,50
1745,Onion,2026-07-18,Ambala,200
1746,Onion,2026-07-18,Delhi,50
1747,Onion,2026-07-19,Chandigarh,100
1748,Onion,2026-07-19,Delhi,150
1749,Onion,2026-07-20,Panipat,150
1750,Onion,2026-07-20,Panipat,150
1751,Onion,2026-07-20,Ludhiana,50
1752,Onion,2026-07-21,Ambala,200
1753,Onion,2026-07-21,Rohtak,150
1754,Onion,2026-07-22,Panipat,100
1755,Onion,2026-07-22,Sonipat,200
1756,Onion,2026-07-23,Delhi,50
1757,Onion,2026-07-23,Hisar,200
1758,Onion,2026-07-23,Ambala,150
1759,Onion,2026-07-23,Ambala,200
1760,Onion,2026-07-24,Gurugram,200
1761,Onion,2026-07-24,Ludhiana,300
1762,Onion,2026-07-24,Sonipat,100
1763,Onion,2026-07-25,Ludhiana,200
1764,Onion,2026-07-25,Sonipat,150
1765,Onion,2026-07-26,Delhi,300
1766,Onion,2026-07-26,Ambala,200
1767,Onion,2026-07-27,Gurugram,300
1768,Onion,2026-07-28,Rohtak,200
1769,Onion,2026-07-28,Panipat,50
1770,Onion,2026-07-28,Sonipat,50
1771,Onion,2026-07-28,Ambala,150
1772,Onion,2026-07-29,Chandigarh,50
1773,Onion,2026-07-29,Karnal,300
1774,Onion,2026-07-30,Chandigarh,300
1775,Onion,2026-07-30,Rohtak,300
1776,Onion,2026-07-31,Chandigarh,50
1777,Onion,2026-08-01,Delhi,300
1778,Onion,2026-08-01,Sonipat,50
1779,Onion,2026-08-01,Panipat,100
1780,Onion,2026-08-02,Ambala,200
1781,Onion,2026-08-02,Delhi,300
1782,Onion,2026-08-02,Ambala,150
1783,Onion,2026-08-03,Hisar,300
1784,Onion,2026-08-03,Rohtak,200
1785,Onion,2026-08-03,Rohtak,150
1786,Onion,2026-08-03,Hisar,100
1787,Onion,2026-08-04,Gurugram,200
1788,Onion,2026-08-05,Panipat,50
1789,Onion,2026-08-05,Delhi,50
1790,Onion,2026-08-05,Chandigarh,100
1791,Onion,2026-08-05,Panipat,100
1792,Onion,2026-08-06,Sonipat,150
1793,Onion,2026-08-06,Hisar,100
1794,Onion,2026-08-06,Rohtak,300
1795,Onion,2026-08-07,Gurugram,100
1796,Onion,2026-08-07,Rohtak,50
1797,Onion,2026-08-07,Panipat,200
1798,Onion,2026-08-07,Delhi,150
1799,Onion,2026-08-07,Sonipat,200
1800,Onion,2026-08-08,Delhi,50
1801,Onion,2026-08-08,Karnal,100
1802,Onion,2026-08-08,Ambala,300
1803,Onion,2026-08-08,Karnal,200
1804,Onion,2026-08-09,Chandigarh,300
1805,Onion,2026-08-09,Hisar,50
1806,Onion,2026-08-10,Chandigarh,200
1807,Onion,2026-08-10,Delhi,200
1808,Onion,2026-08-11,Rohtak,200
1809,Onion,2026-08-11,Karnal,50
1810,Onion,2026-08-11,Panipat,300
1811,Onion,2026-08-12,Karnal,300
1812,Onion,2026-08-12,Sonipat,150
1813,Onion,2026-08-12,Ambala,200
1814,Onion,2026-08-12,Ludhiana,50
1815,Onion,2026-08-13,Chandigarh,100
1816,Onion,2026-08-13,Sonipat,150
1817,Onion,2026-08-14,Karnal,300
1818,Onion,2026-08-14,Hisar,300
1819,Onion,2026-08-14,Ludhiana,50
1820,Onion,2026-08-15,Rohtak,200
1821,Onion,2026-08-15,Ambala,150
1822,Onion,2026-08-15,Sonipat,50
1823,Onion,2026-08-16,Panipat,300
1824,Onion,2026-08-16,Panipat,200
1825,Onion,2026-08-16,Gurugram,100
1826,Onion,2026-08-16,Ambala,300
1827,Onion,2026-08-16,Panipat,50
1828,Onion,2026-08-17,Sonipat,300
1829,Onion,2026-08-17,Ambala,50
1830,Onion,2026-08-17,Panipat,50
1831,Onion,2026-08-18,Sonipat,300
1832,Onion,2026-08-18,Panipat,200
1833,Onion,2026-08-19,Karnal,300
1834,Onion,2026-08-19,Chandigarh,150
1835,Onion,2026-08-19,Gurugram,150
1836,Onion,2026-08-20,Panipat,100
1837,Onion,2026-08-20,Gurugram,150
1838,Onion,2026-08-20,Karnal,200
1839,Onion,2026-08-20,Ambala,150
1840,Onion,2026-08-21,Rohtak,100
1841,Onion,2026-08-21,Rohtak,300
1842,Onion,2026-08-21,Ludhiana,50
1843,Onion,2026-08-22,Hisar,300
1844,Onion,2026-08-22,Ludhiana,200
1845,Onion,2026-08-22,Chandigarh,50
1846,Onion,2026-08-22,Delhi,300
1847,Onion,2026-08-23,Rohtak,200
1848,Onion,2026-08-23,Delhi,150
1849,Onion,2026-08-24,Ambala,150
1850,Onion,2026-08-24,Hisar,100
1851,Onion,2026-08-24,Rohtak,50
1852,Onion,2026-08-25,Ludhiana,150
1853,Onion,2026-08-25,Karnal,200
1854,Onion,2026-08-26,Panipat,150
1855,Onion,2026-08-26,Karnal,50
1856,Onion,2026-08-26,Ambala,150
1857,Onion,2026-08-26,Karnal,100
1858,Onion,2026-08-27,Ludhiana,150
1859,Onion,2026-08-27,Rohtak,150
1860,Onion,2026-08-27,Ludhiana,300
1861,Onion,2026-08-28,Hisar,50
1862,Onion,2026-08-28,Panipat,300
1863,Onion,2026-08-28,Chandigarh,200
1864,Onion,2026-08-29,Sonipat,300
1865,Onion,2026-08-29,Karnal,300
1866,Onion,2026-08-29,Ambala,300
1867,Onion,2026-08-29,Sonipat,50
1868,Onion,2026-08-30,Sonipat,150
1869,Onion,2026-08-31,Ambala,100
1870,Onion,2026-08-31,Chandigarh,150
1871,Onion,2026-09-01,Chandigarh,300
1872,Onion,2026-09-01,Panipat,300
1873,Onion,2026-09-01,Ludhiana,50
1874,Onion,2026-09-02,Hisar,50
1875,Onion,2026-09-02,Gurugram,200
1876,Onion,2026-09-02,Hisar,150
1877,Onion,2026-09-02,Delhi,300
1878,Onion,2026-09-03,Rohtak,100
1879,Onion,2026-09-03,Rohtak,150
1880,Onion,2026-09-04,Hisar,300
1881,Onion,2026-09-04,Ludhiana,150
1882,Onion,2026-09-04,Rohtak,200
1883,Onion,2026-09-04,Karnal,150
1884,Onion,2026-09-05,Rohtak,100
1885,Onion,2026-09-05,Hisar,50
1886,Onion,2026-09-05,Karnal,100
1887,Onion,2026-09-05,Sonipat,150
1888,Onion,2026-09-05,Panipat,50
1889,Onion,2026-09-06,Delhi,50
1890,Onion,2026-09-06,Ludhiana,200
1891,Onion,2026-09-06,Rohtak,300
1892,Onion,2026-09-07,Panipat,100
1893,Onion,2026-09-07,Delhi,200
1894,Onion,2026-09-07,Karnal,150
1895,Onion,2026-09-09,Chandigarh,100
1896,Onion,2026-09-09,Delhi,300
1897,Onion,2026-09-09,Ambala,200
1898,Onion,2026-09-09,Delhi,200
1899,Onion,2026-09-10,Ambala,50
1900,Onion,2026-09-11,Rohtak,200
1901,Onion,2026-09-11,Gurugram,50
1902,Onion,2026-09-11,Sonipat,50
1903,Onion,2026-09-11,Ludhiana,50
1904,Onion,2026-09-12,Panipat,300
1905,Onion,2026-09-12,Hisar,50
1906,Onion,2026-09-12,Delhi,50
1907,Onion,2026-09-12,Chandigarh,50
1908,Mustard,2026-03-17,Delhi,300
1909,Mustard,2026-03-17,Hisar,100
1910,Mustard,2026-03-17,Ambala,300
1911,Mustard,2026-03-18,Rohtak,200
1912,Mustard,2026-03-18,Hisar,200
1913,Mustard,2026-03-18,Hisar,300
1914,Mustard,2026-03-18,Ambala,50
1915,Mustard,2026-03-19,Rohtak,200
1916,Mustard,2026-03-19,Chandigarh,150
1917,Mustard,2026-03-20,Ambala,100
1918,Mustard,2026-03-20,Delhi,50
1919,Mustard,2026-03-20,Rohtak,300
1920,Mustard,2026-03-20,Delhi,300
1921,Mustard,2026-03-20,Karnal,300
1922,Mustard,2026-03-20,Sonipat,300
1923,Mustard,2026-03-21,Ambala,200
1924,Mustard,2026-03-21,Sonipat,100
1925,Mustard,2026-03-21,Sonipat,50
1926,Mustard,2026-03-21,Rohtak,100
1927,Mustard,2026-03-22,Panipat,300
1928,Mustard,2026-03-22,Hisar,300
1929,Mustard,2026-03-22,Gurugram,150
1930,Mustard,2026-03-22,Ambala,300
1931,Mustard,2026-03-23,Panipat,300
1932,Mustard,2026-03-23,Gurugram,150
1933,Mustard,2026-03-23,Gurugram,50
1934,Mustard,2026-03-24,Chandigarh,300
1935,Mustard,2026-03-24,Sonipat,50
1936,Mustard,2026-03-25,Chandigarh,50
1937,Mustard,2026-03-25,Hisar,150
1938,Mustard,2026-03-25,Karnal,100
1939,Mustard,2026-03-26,Karnal,50
1940,Mustard,2026-03-26,Gurugram,100
1941,Mustard,2026-03-26,Ludhiana,200
1942,Mustard,2026-03-26,Ambala,150
1943,Mustard,2026-03-26,Ambala,300
1944,Mustard,2026-03-27,Hisar,150
1945,Mustard,2026-03-27,Sonipat,50
1946,Mustard,2026-03-27,Ludhiana,50
1947,Mustard,2026-03-27,Ludhiana,100
1948,Mustard,2026-03-27,Rohtak,100
1949,Mustard,2026-03-28,Karnal,200
1950,Mustard,2026-03-28,Ambala,100
1951,Mustard,2026-03-28,Karnal,200
1952,Mustard,2026-03-28,Gurugram,200
1953,Mustard,2026-03-29,Rohtak,150
1954,Mustard,2026-03-29,Rohtak,50
1955,Mustard,2026-03-29,Gurugram,50
1956,Mustard,2026-03-30,Chandigarh,50
1957,Mustard,2026-03-30,Sonipat,150
1958,Mustard,2026-03-30,Ludhiana,100
1959,Mustard,2026-03-30,Ambala,150
1960,Mustard,2026-03-31,Karnal,150
1961,Mustard,2026-03-31,Sonipat,100
1962,Mustard,2026-03-31,Panipat,100
1963,Mustard,2026-04-01,Gurugram,300
1964,Mustard,2026-04-01,Karnal,100
1965,Mustard,2026-04-01,Karnal,50
1966,Mustard,2026-04-02,Delhi,50
1967,Mustard,2026-04-02,Sonipat,200
1968,Mustard,2026-04-02,Delhi,150
1969,Mustard,2026-04-03,Karnal,150
1970,Mustard,2026-04-03,Ludhiana,100
1971,Mustard,2026-04-03,Gurugram,150
1972,Mustard,2026-04-03,Sonipat,300
1973,Mustard,2026-04-04,Hisar,50
1974,Mustard,2026-04-04,Delhi,100
1975,Mustard,2026-04-04,Sonipat,100
1976,Mustard,2026-04-04,Karnal,300
1977,Mustard,2026-04-04,Hisar,150
1978,Mustard,2026-04-04,Gurugram,300
1979,Mustard,2026-04-04,Hisar,100
1980,Mustard,2026-04-05,Rohtak,300
1981,Mustard,2026-04-05,Ambala,100
1982,Mustard,2026-04-06,Sonipat,150
1983,Mustard,2026-04-06,Karnal,50
1984,Mustard,2026-04-06,Panipat,100
1985,Mustard,2026-04-07,Chandigarh,300
1986,Mustard,2026-04-07,Ludhiana,100
1987,Mustard,2026-04-08,Ambala,50
1988,Mustard,2026-04-08,Sonipat,300
1989,Mustard,2026-04-08,Hisar,300
1990,Mustard,2026-04-09,Gurugram,200
1991,Mustard,2026-04-10,Gurugram,300
1992,Mustard,2026-04-10,Ludhiana,200
1993,Mustard,2026-04-10,Ludhiana,150
1994,Mustard,2026-04-11,Ambala,200
1995,Mustard,2026-04-11,Ambala,50
1996,Mustard,2026-04-11,Karnal,100
1997,Mustard,2026-04-11,Karnal,200
1998,Mustard,2026-04-12,Panipat,200
1999,Mustard,2026-04-12,Hisar,300
2000,Mustard,2026-04-12,Sonipat,150
2001,Mustard,2026-04-13,Panipat,300
2002,Mustard,2026-04-13,Delhi,100
2003,Mustard,2026-04-14,Chandigarh,150
2004,Mustard,2026-04-14,Karnal,300
2005,Mustard,2026-04-14,Rohtak,200
2006,Mustard,2026-04-15,Chandigarh,300
2007,Mustard,2026-04-15,Gurugram,200
2008,Mustard,2026-04-16,Gurugram,200
2009,Mustard,2026-04-16,Gurugram,150
2010,Mustard,2026-04-17,Hisar,50
2011,Mustard,2026-04-17,Sonipat,200
2012,Mustard,2026-04-17,Karnal,150
2013,Mustard,2026-04-17,Delhi,150
2014,Mustard,2026-04-18,Chandigarh,300
2015,Mustard,2026-04-18,Chandigarh,50
2016,Mustard,2026-04-18,Panipat,100
2017,Mustard,2026-04-18,Delhi,50
2018,Mustard,2026-04-19,Delhi,150
2019,Mustard,2026-04-19,Rohtak,300
2020,Mustard,2026-04-20,Gurugram,150
2021,Mustard,2026-04-20,Panipat,150
2022,Mustard,2026-04-20,Karnal,300
2023,Mustard,2026-04-21,Sonipat,300
2024,Mustard,2026-04-21,Panipat,50
2025,Mustard,2026-04-21,Panipat,150
2026,Mustard,2026-04-22,Hisar,200
2027,Mustard,2026-04-22,Ambala,50
2028,Mustard,2026-04-22,Ludhiana,300
2029,Mustard,2026-04-22,Sonipat,200
2030,Mustard,2026-04-23,Karnal,100
2031,Mustard,2026-04-24,Karnal,300
2032,Mustard,2026-04-24,Ambala,300
2033,Mustard,2026-04-24,Ludhiana,200
2034,Mustard,2026-04-24,Gurugram,50
2035,Mustard,2026-04-25,Gurugram,100
2036,Mustard,2026-04-25,Hisar,200
2037,Mustard,2026-04-25,Karnal,200
2038,Mustard,2026-04-26,Gurugram,100
2039,Mustard,2026-04-26,Ambala,100
2040,Mustard,2026-04-27,Panipat,50
2041,Mustard,2026-04-27,Ludhiana,150
2042,Mustard,2026-04-27,Gurugram,100
2043,Mustard,2026-04-28,Hisar,300
2044,Mustard,2026-04-28,Panipat,150
2045,Mustard,2026-04-29,Ambala,50
2046,Mustard,2026-04-29,Ambala,50
2047,Mustard,2026-04-29,Sonipat,100
2048,Mustard,2026-04-29,Gurugram,300
2049,Mustard,2026-04-30,Ambala,300
2050,Mustard,2026-04-30,Hisar,200
2051,Mustard,2026-05-01,Karnal,200
2052,Mustard,2026-05-01,Delhi,300
2053,Mustard,2026-05-02,Gurugram,300
2054,Mustard,2026-05-02,Ludhiana,150
2055,Mustard,2026-05-02,Delhi,100
2056,Mustard,2026-05-03,Delhi,300
2057,Mustard,2026-05-03,Sonipat,50
2058,Mustard,2026-05-03,Ambala,200
2059,Mustard,2026-05-04,Hisar,150
2060,Mustard,2026-05-04,Karnal,100
2061,Mustard,2026-05-04,Panipat,300
2062,Mustard,2026-05-05,Delhi,200
2063,Mustard,2026-05-05,Rohtak,150
2064,Mustard,2026-05-05,Chandigarh,50
2065,Mustard,2026-05-06,Hisar,200
2066,Mustard,2026-05-06,Sonipat,50
2067,Mustard,2026-05-06,Sonipat,300
2068,Mustard,2026-05-06,Hisar,200
2069,Mustard,2026-05-07,Delhi,200
2070,Mustard,2026-05-07,Karnal,100
2071,Mustard,2026-05-07,Karnal,150
2072,Mustard,2026-05-07,Hisar,200
2073,Mustard,2026-05-08,Panipat,300
2074,Mustard,2026-05-08,Karnal,300
2075,Mustard,2026-05-08,Ludhiana,150
2076,Mustard,2026-05-08,Karnal,50
2077,Mustard,2026-05-09,Sonipat,200
2078,Mustard,2026-05-09,Delhi,200
2079,Mustard,2026-05-09,Ambala,100
2080,Mustard,2026-05-09,Chandigarh,150
2081,Mustard,2026-05-09,Ambala,200
2082,Mustard,2026-05-10,Delhi,150
2083,Mustard,2026-05-11,Ludhiana,150
2084,Mustard,2026-05-11,Panipat,200
2085,Mustard,2026-05-11,Ambala,100
2086,Mustard,2026-05-12,Ambala,200
2087,Mustard,2026-05-12,Ludhiana,200
2088,Mustard,2026-05-13,Sonipat,300
2089,Mustard,2026-05-13,Delhi,200
2090,Mustard,2026-05-13,Rohtak,100
2091,Mustard,2026-05-14,Chandigarh,150
2092,Mustard,2026-05-14,Delhi,100
2093,Mustard,2026-05-14,Ludhiana,200
2094,Mustard,2026-05-15,Chandigarh,50
2095,Mustard,2026-05-15,Gurugram,50
2096,Mustard,2026-05-15,Delhi,300
2097,Mustard,2026-05-16,Ludhiana,100
2098,Mustard,2026-05-16,Panipat,100
2099,Mustard,2026-05-16,Chandigarh,50
2100,Mustard,2026-05-16,Ludhiana,50
2101,Mustard,2026-05-17,Delhi,200
2102,Mustard,2026-05-17,Hisar,150
2103,Mustard,2026-05-18,Hisar,50
2104,Mustard,2026-05-18,Rohtak,150
2105,Mustard,2026-05-18,Delhi,100
2106,Mustard,2026-05-19,Gurugram,200
2107,Mustard,2026-05-20,Chandigarh,100
2108,Mustard,2026-05-20,Ludhiana,100
2109,Mustard,2026-05-21,Ludhiana,150
2110,Mustard,2026-05-21,Sonipat,100
2111,Mustard,2026-05-21,Rohtak,300
2112,Mustard,2026-05-22,Chandigarh,200
2113,Mustard,2026-05-22,Sonipat,50
2114,Mustard,2026-05-22,Rohtak,150
2115,Mustard,2026-05-22,Sonipat,200
2116,Mustard,2026-05-23,Gurugram,100
2117,Mustard,2026-05-23,Karnal,50
2118,Mustard,2026-05-23,Chandigarh,100
2119,Mustard,2026-05-23,Ludhiana,50
2120,Mustard,2026-05-24,Delhi,200
2121,Mustard,2026-05-24,Panipat,200
2122,Mustard,2026-05-24,Rohtak,300
2123,Mustard,2026-05-24,Rohtak,50
2124,Mustard,2026-05-25,Hisar,100
2125,Mustard,2026-05-26,Karnal,100
2126,Mustard,2026-05-26,Delhi,50
2127,Mustard,2026-05-26,Hisar,50
2128,Mustard,2026-05-26,Rohtak,150
2129,Mustard,2026-05-27,Karnal,50
2130,Mustard,2026-05-27,Karnal,50
2131,Mustard,2026-05-28,Sonipat,100
2132,Mustard,2026-05-28,Rohtak,200
2133,Mustard,2026-05-28,Chandigarh,50
2134,Mustard,2026-05-29,Gurugram,150
2135,Mustard,2026-05-29,Chandigarh,100
2136,Mustard,2026-05-30,Hisar,200
2137,Mustard,2026-05-30,Delhi,100
2138,Mustard,2026-05-31,Karnal,50
2139,Mustard,2026-06-01,Hisar,150
2140,Mustard,2026-06-01,Rohtak,200
2141,Mustard,2026-06-02,Karnal,200
2142,Mustard,2026-06-02,Karnal,50
2143,Mustard,2026-06-02,Panipat,300
2144,Mustard,2026-06-03,Karnal,200
2145,Mustard,2026-06-03,Panipat,300
2146,Mustard,2026-06-04,Ludhiana,50
2147,Mustard,2026-06-04,Chandigarh,300
2148,Mustard,2026-06-04,Sonipat,150
2149,Mustard,2026-06-05,Hisar,100
2150,Mustard,2026-06-05,Gurugram,100
2151,Mustard,2026-06-05,Gurugram,200
2152,Mustard,2026-06-05,Delhi,150
2153,Mustard,2026-06-05,Rohtak,300
2154,Mustard,2026-06-06,Ambala,200
2155,Mustard,2026-06-06,Hisar,300
2156,Mustard,2026-06-06,Karnal,300
2157,Mustard,2026-06-08,Karnal,50
2158,Mustard,2026-06-09,Panipat,100
2159,Mustard,2026-06-10,Hisar,100
2160,Mustard,2026-06-11,Gurugram,200
2161,Mustard,2026-06-11,Panipat,100
2162,Mustard,2026-06-12,Sonipat,200
2163,Mustard,2026-06-12,Karnal,50
2164,Mustard,2026-06-12,Karnal,300
2165,Mustard,2026-06-13,Gurugram,100
2166,Mustard,2026-06-13,Panipat,150
2167,Mustard,2026-06-13,Rohtak,300
2168,Mustard,2026-06-13,Hisar,150
2169,Mustard,2026-06-14,Rohtak,100
2170,Mustard,2026-06-14,Gurugram,150
2171,Mustard,2026-06-15,Karnal,100
2172,Mustard,2026-06-15,Ambala,200
2173,Mustard,2026-06-15,Chandigarh,150
2174,Mustard,2026-06-16,Sonipat,200
2175,Mustard,2026-06-16,Rohtak,50
2176,Mustard,2026-06-16,Ludhiana,50
2177,Mustard,2026-06-16,Karnal,50
2178,Mustard,2026-06-17,Karnal,100
2179,Mustard,2026-06-17,Delhi,100
2180,Mustard,2026-06-18,Ambala,300
2181,Mustard,2026-06-18,Karnal,100
2182,Mustard,2026-06-19,Ludhiana,150
2183,Mustard,2026-06-19,Sonipat,100
2184,Mustard,2026-06-20,Karnal,200
2185,Mustard,2026-06-20,Sonipat,300
2186,Mustard,2026-06-20,Karnal,150
2187,Mustard,2026-06-21,Karnal,150
2188,Mustard,2026-06-21,Ludhiana,50
2189,Mustard,2026-06-22,Gurugram,200
2190,Mustard,2026-06-22,Hisar,100
2191,Mustard,2026-06-22,Ludhiana,200
2192,Mustard,2026-06-22,Hisar,300
2193,Mustard,2026-06-23,Sonipat,200
2194,Mustard,2026-06-23,Rohtak,200
2195,Mustard,2026-06-24,Hisar,50
2196,Mustard,2026-06-24,Panipat,300
2197,Mustard,2026-06-25,Sonipat,150
2198,Mustard,2026-06-26,Hisar,200
2199,Mustard,2026-06-26,Panipat,200
2200,Mustard,2026-06-26,Panipat,200
2201,Mustard,2026-06-27,Gurugram,100
2202,Mustard,2026-06-27,Ludhiana,100
2203,Mustard,2026-06-28,Sonipat,100
2204,Mustard,2026-06-28,Rohtak,50
2205,Mustard,2026-06-29,Gurugram,200
2206,Mustard,2026-06-29,Hisar,200
2207,Mustard,2026-06-29,Hisar,150
2208,Mustard,2026-06-29,Hisar,200
2209,Mustard,2026-06-30,Panipat,300
2210,Mustard,2026-07-01,Delhi,200
2211,Mustard,2026-07-01,Ambala,100
2212,Mustard,2026-07-01,Karnal,200
2213,Mustard,2026-07-01,Panipat,150
2214,Mustard,2026-07-02,Chandigarh,200
2215,Mustard,2026-07-02,Gurugram,50
2216,Mustard,2026-07-02,Hisar,200
2217,Mustard,2026-07-03,Rohtak,150
2218,Mustard,2026-07-03,Rohtak,100
2219,Mustard,2026-07-03,Panipat,300
2220,Mustard,2026-07-04,Ludhiana,100
2221,Mustard,2026-07-04,Panipat,100
2222,Mustard,2026-07-06,Sonipat,50
2223,Mustard,2026-07-07,Hisar,200
2224,Mustard,2026-07-07,Ambala,50
2225,Mustard,2026-07-07,Chandigarh,100
2226,Mustard,2026-07-08,Hisar,100
2227,Mustard,2026-07-08,Hisar,150
2228,Mustard,2026-07-08,Panipat,300
2229,Mustard,2026-07-09,Hisar,300
2230,Mustard,2026-07-09,Panipat,200
2231,Mustard,2026-07-09,Delhi,50
2232,Mustard,2026-07-09,Ambala,150
2233,Mustard,2026-07-10,Sonipat,150
2234,Mustard,2026-07-10,Karnal,200
2235,Mustard,2026-07-10,Panipat,50
2236,Mustard,2026-07-11,Rohtak,50
2237,Mustard,2026-07-11,Delhi,200
2238,Mustard,2026-07-11,Chandigarh,200
2239,Mustard,2026-07-11,Panipat,200
2240,Mustard,2026-07-11,Sonipat,100
2241,Mustard,2026-07-12,Gurugram,100
2242,Mustard,2026-07-12,Sonipat,100
2243,Mustard,2026-07-13,Delhi,200
2244,Mustard,2026-07-14,Ambala,100
2245,Mustard,2026-07-14,Sonipat,100
2246,Mustard,2026-07-15,Karnal,150
2247,Mustard,2026-07-15,Hisar,200
2248,Mustard,2026-07-15,Ambala,50
2249,Mustard,2026-07-16,Sonipat,50
2250,Mustard,2026-07-16,Panipat,50
2251,Mustard,2026-07-16,Hisar,50
2252,Mustard,2026-07-17,Ambala,100
2253,Mustard,2026-07-17,Ludhiana,200
2254,Mustard,2026-07-17,Delhi,50
2255,Mustard,2026-07-18,Rohtak,150
2256,Mustard,2026-07-18,Rohtak,300
2257,Mustard,2026-07-18,Rohtak,50
2258,Mustard,2026-07-18,Karnal,300
2259,Mustard,2026-07-19,Chandigarh,150
2260,Mustard,2026-07-19,Ludhiana,200
2261,Mustard,2026-07-19,Gurugram,300
2262,Mustard,2026-07-20,Hisar,150
2263,Mustard,2026-07-21,Gurugram,100
2264,Mustard,2026-07-22,Gurugram,200
2265,Mustard,2026-07-22,Hisar,300
2266,Mustard,2026-07-22,Rohtak,150
2267,Mustard,2026-07-22,Gurugram,50
2268,Mustard,2026-07-23,Hisar,100
2269,Mustard,2026-07-23,Rohtak,300
2270,Mustard,2026-07-23,Delhi,300
2271,Mustard,2026-07-23,Panipat,100
2272,Mustard,2026-07-24,Gurugram,200
2273,Mustard,2026-07-24,Ambala,200
2274,Mustard,2026-07-24,Chandigarh,200
2275,Mustard,2026-07-25,Gurugram,50
2276,Mustard,2026-07-25,Gurugram,50
2277,Mustard,2026-07-25,Gurugram,200
2278,Mustard,2026-07-26,Karnal,300
2279,Mustard,2026-07-26,Ludhiana,200
2280,Mustard,2026-07-27,Gurugram,200
2281,Mustard,2026-07-27,Ludhiana,50
2282,Mustard,2026-07-28,Hisar,150
2283,Mustard,2026-07-29,Chandigarh,300
2284,Mustard,2026-07-30,Chandigarh,50
2285,Mustard,2026-07-31,Panipat,300
2286,Mustard,2026-07-31,Ludhiana,100
2287,Mustard,2026-07-31,Ludhiana,50
2288,Mustard,2026-07-31,Ludhiana,300
2289,Mustard,2026-08-01,Karnal,100
2290,Mustard,2026-08-01,Karnal,100
2291,Mustard,2026-08-01,Delhi,50
2292,Mustard,2026-08-01,Hisar,50
2293,Mustard,2026-08-02,Hisar,150
2294,Mustard,2026-08-02,Karnal,150
2295,Mustard,2026-08-02,Ludhiana,50
2296,Mustard,2026-08-03,Sonipat,300
2297,Mustard,2026-08-03,Ludhiana,50
2298,Mustard,2026-08-03,Gurugram,100
2299,Mustard,2026-08-03,Ambala,300
2300,Mustard,2026-08-04,Hisar,300
2301,Mustard,2026-08-04,Hisar,100
2302,Mustard,2026-08-04,Karnal,150
2303,Mustard,2026-08-05,Delhi,150
2304,Mustard,2026-08-05,Delhi,50
2305,Mustard,2026-08-05,Delhi,150
2306,Mustard,2026-08-06,Delhi,300
2307,Mustard,2026-08-06,Gurugram,100
2308,Mustard,2026-08-08,Ambala,50
2309,Mustard,2026-08-08,Panipat,50
2310,Mustard,2026-08-08,Ambala,300
2311,Mustard,2026-08-08,Karnal,200
2312,Mustard,2026-08-10,Gurugram,100
2313,Mustard,2026-08-10,Chandigarh,300
2314,Mustard,2026-08-10,Ambala,100
2315,Mustard,2026-08-11,Delhi,200
2316,Mustard,2026-08-11,Rohtak,300
2317,Mustard,2026-08-12,Panipat,100
2318,Mustard,2026-08-12,Ludhiana,200
2319,Mustard,2026-08-12,Sonipat,300
2320,Mustard,2026-08-13,Panipat,100
2321,Mustard,2026-08-14,Rohtak,300
2322,Mustard,2026-08-14,Gurugram,150
2323,Mustard,2026-08-14,Chandigarh,50
2324,Mustard,2026-08-15,Panipat,300
2325,Mustard,2026-08-17,Ludhiana,150
2326,Mustard,2026-08-17,Hisar,50
2327,Mustard,2026-08-18,Karnal,100
2328,Mustard,2026-08-18,Rohtak,100
2329,Mustard,2026-08-18,Ludhiana,200
2330,Mustard,2026-08-19,Panipat,100
2331,Mustard,2026-08-19,Rohtak,300
2332,Mustard,2026-08-20,Ludhiana,150
2333,Mustard,2026-08-21,Hisar,200
2334,Mustard,2026-08-21,Delhi,300
2335,Mustard,2026-08-21,Panipat,150
2336,Mustard,2026-08-22,Chandigarh,200
2337,Mustard,2026-08-22,Delhi,100
2338,Mustard,2026-08-22,Gurugram,300
2339,Mustard,2026-08-23,Rohtak,150
2340,Mustard,2026-08-23,Ludhiana,100
2341,Mustard,2026-08-24,Ludhiana,150
2342,Mustard,2026-08-25,Sonipat,100
2343,Mustard,2026-08-25,Karnal,100
2344,Mustard,2026-08-26,Ambala,50
2345,Mustard,2026-08-26,Sonipat,200
2346,Mustard,2026-08-27,Hisar,100
2347,Mustard,2026-08-27,Rohtak,50
2348,Mustard,2026-08-28,Rohtak,50
2349,Mustard,2026-08-28,Chandigarh,150
2350,Mustard,2026-08-29,Ambala,200
2351,Mustard,2026-08-29,Sonipat,200
2352,Mustard,2026-08-29,Karnal,50
2353,Mustard,2026-08-29,Delhi,100
2354,Mustard,2026-08-30,Ambala,100
2355,Mustard,2026-08-31,Hisar,50
2356,Mustard,2026-08-31,Ludhiana,200
2357,Mustard,2026-08-31,Panipat,200
2358,Mustard,2026-09-01,Delhi,50
2359,Mustard,2026-09-01,Ludhiana,300
2360,Mustard,2026-09-02,Karnal,50
2361,Mustard,2026-09-02,Ambala,300
2362,Mustard,2026-09-03,Delhi,300
2363,Mustard,2026-09-03,Sonipat,200
2364,Mustard,2026-09-03,Ludhiana,200
2365,Mustard,2026-09-04,Panipat,300
2366,Mustard,2026-09-04,Sonipat,50
2367,Mustard,2026-09-04,Gurugram,50
2368,Mustard,2026-09-05,Chandigarh,100
2369,Mustard,2026-09-05,Hisar,50
2370,Mustard,2026-09-07,Chandigarh,200
2371,Mustard,2026-09-08,Delhi,300
2372,Mustard,2026-09-08,Ambala,300
2373,Mustard,2026-09-08,Delhi,100
2374,Mustard,2026-09-09,Sonipat,300
2375,Mustard,2026-09-09,Sonipat,50
2376,Mustard,2026-09-09,Chandigarh,200
2377,Mustard,2026-09-09,Gurugram,50
2378,Mustard,2026-09-10,Rohtak,100
2379,Mustard,2026-09-10,Ambala,100
2380,Mustard,2026-09-11,Panipat,50
2381,Mustard,2026-09-11,Delhi,50
2382,Mustard,2026-09-12,Chandigarh,150
2383,Mustard,2026-09-12,Gurugram,300
