crop,date,price_per_kg,market
Tomato,2025-09-13,25.79,Gurugram
Tomato,2025-09-14,26.0,Hisar
Tomato,2025-09-15,25.39,Panipat
Tomato,2025-09-16,27.29,Delhi
Tomato,2025-09-17,24.72,Ambala
Tomato,2025-09-18,30.45,Delhi
Tomato,2025-09-19,25.11,Karnal
Tomato,2025-09-20,27.63,Sonipat
Tomato,2025-09-21,30.12,Delhi
Tomato,2025-09-22,29.82,Gurugram
Tomato,2025-09-23,26.39,Ludhiana
Tomato,2025-09-24,29.59,Panipat
Tomato,2025-09-25,28.31,Chandigarh
Tomato,2025-09-26,24.82,Chandigarh
Tomato,2025-09-27,26.52,Delhi
Tomato,2025-09-28,30.25,Sonipat
Tomato,2025-09-29,26.34,Delhi
Tomato,2025-09-30,29.14,Sonipat
Tomato,2025-10-01,25.53,Ambala
Tomato,2025-10-02,25.2,Gurugram
Tomato,2025-10-03,25.17,Panipat
Tomato,2025-10-04,26.88,Panipat
Tomato,2025-10-05,29.15,Rohtak
Tomato,2025-10-06,24.57,Hisar
Tomato,2025-10-07,28.74,Rohtak
Tomato,2025-10-08,24.09,Sonipat
Tomato,2025-10-09,27.68,Panipat
Tomato,2025-10-10,25.0,Ludhiana
Tomato,2025-10-11,27.22,Hisar
Tomato,2025-10-12,27.28,Delhi
Tomato,2025-10-13,24.54,Sonipat
Tomato,2025-10-14,27.21,Gurugram
Tomato,2025-10-15,27.43,Sonipat
Tomato,2025-10-16,26.58,Rohtak
Tomato,2025-10-17,25.9,Rohtak
Tomato,2025-10-18,29.25,Karnal
Tomato,2025-10-19,28.03,Delhi
Tomato,2025-10-20,26.18,Chandigarh
Tomato,2025-10-21,29.2,Hisar
Tomato,2025-10-22,29.71,Sonipat
Tomato,2025-10-23,29.45,Karnal
Tomato,2025-10-24,29.11,Sonipat
Tomato,2025-10-25,29.21,Rohtak
Tomato,2025-10-26,25.23,Gurugram
Tomato,2025-10-27,28.66,Hisar
Tomato,2025-10-28,28.78,Karnal
Tomato,2025-10-29,25.74,Delhi
Tomato,2025-10-30,26.41,Rohtak
Tomato,2025-10-31,29.12,Karnal
Tomato,2025-11-01,24.5,Ludhiana
Tomato,2025-11-02,25.33,Karnal
Tomato,2025-11-03,24.64,Karnal
Tomato,2025-11-04,25.6,Panipat
Tomato,2025-11-05,28.17,Panipat
Tomato,2025-11-06,25.35,Chandigarh
Tomato,2025-11-07,25.62,Chandigarh
Tomato,2025-11-08,25.24,Rohtak
Tomato,2025-11-09,24.06,Panipat
Tomato,2025-11-10,24.41,Panipat
Tomato,2025-11-11,23.64,Ambala
Tomato,2025-11-12,25.82,Gurugram
Tomato,2025-11-13,25.83,Chandigarh
Tomato,2025-11-14,24.07,Ambala
Tomato,2025-11-15,24.48,Rohtak
Tomato,2025-11-16,27.33,Rohtak
Tomato,2025-11-17,26.29,Chandigarh
Tomato,2025-11-18,27.21,Karnal
Tomato,2025-11-19,25.43,Delhi
Tomato,2025-11-20,28.64,Gurugram
Tomato,2025-11-21,26.85,Delhi
Tomato,2025-11-22,27.38,Panipat
Tomato,2025-11-23,26.21,Hisar
Tomato,2025-11-24,25.21,Panipat
Tomato,2025-11-25,26.46,Karnal
Tomato,2025-11-26,25.72,Hisar
Tomato,2025-11-27,27.13,Sonipat
Tomato,2025-11-28,26.79,Panipat
Tomato,2025-11-29,25.63,Rohtak
Tomato,2025-11-30,25.07,Karnal
Tomato,2025-12-01,24.83,Ambala
Tomato,2025-12-02,25.76,Gurugram
Tomato,2025-12-03,25.01,Ludhiana
Tomato,2025-12-04,26.12,Chandigarh
Tomato,2025-12-05,25.04,Sonipat
Tomato,2025-12-06,26.02,Panipat
Tomato,2025-12-07,25.25,Ambala
Tomato,2025-12-08,24.29,Karnal
Tomato,2025-12-09,26.07,Karnal
Tomato,2025-12-10,26.77,Sonipat
Tomato,2025-12-11,22.63,Karnal
Tomato,2025-12-12,27.69,Ambala
Tomato,2025-12-13,26.97,Delhi
Tomato,2025-12-14,24.88,Ambala
Tomato,2025-12-15,23.5,Hisar
Tomato,2025-12-16,25.07,Karnal
Tomato,2025-12-17,23.24,Rohtak
Tomato,2025-12-18,27.15,Delhi
Tomato,2025-12-19,26.54,Karnal
Tomato,2025-12-20,23.36,Chandigarh
Tomato,2025-12-21,24.87,Chandigarh
Tomato,2025-12-22,23.73,Delhi
Tomato,2025-12-23,24.81,Ludhiana
Tomato,2025-12-24,25.91,Chandigarh
Tomato,2025-12-25,25.52,Ludhiana
Tomato,2025-12-26,25.6,Chandigarh
Tomato,2025-12-27,24.61,Chandigarh
Tomato,2025-12-28,24.7,Sonipat
Tomato,2025-12-29,26.25,Ludhiana
Tomato,2025-12-30,24.7,Karnal
Tomato,2025-12-31,26.73,Panipat
Tomato,2026-01-01,25.36,Chandigarh
Tomato,2026-01-02,23.93,Karnal
Tomato,2026-01-03,22.86,Delhi
Tomato,2026-01-04,25.06,Karnal
Tomato,2026-01-05,22.82,Gurugram
Tomato,2026-01-06,25.94,Delhi
Tomato,2026-01-07,22.13,Karnal
Tomato,2026-01-08,23.35,Sonipat
Tomato,2026-01-09,24.96,Delhi
Tomato,2026-01-10,23.48,Gurugram
Tomato,2026-01-11,24.11,Hisar
Tomato,2026-01-12,21.69,Hisar
Tomato,2026-01-13,23.32,Ambala
Tomato,2026-01-14,26.1,Rohtak
Tomato,2026-01-15,25.64,Ambala
Tomato,2026-01-16,23.24,Rohtak
Tomato,2026-01-17,26.04,Panipat
Tomato,2026-01-18,25.09,Hisar
Tomato,2026-01-19,24.0,Chandigarh
Tomato,2026-01-20,25.29,Karnal
Tomato,2026-01-21,23.72,Panipat
Tomato,2026-01-22,23.45,Rohtak
Tomato,2026-01-23,23.2,Hisar
Tomato,2026-01-24,24.86,Ludhiana
Tomato,2026-01-25,25.83,Ambala
Tomato,2026-01-26,23.89,Hisar
Tomato,2026-01-27,24.17,Rohtak
Tomato,2026-01-28,21.63,Hisar
Tomato,2026-01-29,21.88,Ludhiana
Tomato,2026-01-30,22.09,Panipat
Tomato,2026-01-31,23.07,Karnal
Tomato,2026-02-01,22.53,Gurugram
Tomato,2026-02-02,23.98,Hisar
Tomato,2026-02-03,21.67,Hisar
Tomato,2026-02-04,21.53,Delhi
Tomato,2026-02-05,22.56,Chandigarh
Tomato,2026-02-06,20.56,Gurugram
Tomato,2026-02-07,21.37,Delhi
Tomato,2026-02-08,24.01,Rohtak
Tomato,2026-02-09,23.87,Karnal
Tomato,2026-02-10,21.22,Rohtak
Tomato,2026-02-11,23.22,Karnal
Tomato,2026-02-12,20.86,Delhi
Tomato,2026-02-13,22.93,Karnal
Tomato,2026-02-14,22.45,Panipat
Tomato,2026-02-15,23.88,Sonipat
Tomato,2026-02-16,23.1,Delhi
Tomato,2026-02-17,23.91,Sonipat
Tomato,2026-02-18,24.79,Delhi
Tomato,2026-02-19,22.95,Panipat
Tomato,2026-02-20,22.93,Hisar
Tomato,2026-02-21,22.07,Karnal
Tomato,2026-02-22,20.55,Karnal
Tomato,2026-02-23,20.66,Panipat
Tomato,2026-02-24,24.2,Ambala
Tomato,2026-02-25,23.98,Ambala
Tomato,2026-02-26,23.87,Gurugram
Tomato,2026-02-27,22.68,Gurugram
Tomato,2026-02-28,20.48,Gurugram
Tomato,2026-03-01,19.4,Hisar
Tomato,2026-03-02,23.07,Delhi
Tomato,2026-03-03,21.3,Gurugram
Tomato,2026-03-04,22.21,Ludhiana
Tomato,2026-03-05,22.53,Hisar
Tomato,2026-03-06,20.12,Chandigarh
Tomato,2026-03-07,23.69,Panipat
Tomato,2026-03-08,22.11,Chandigarh
Tomato,2026-03-09,22.82,Ludhiana
Tomato,2026-03-10,21.28,Ambala
Tomato,2026-03-11,20.52,Karnal
Tomato,2026-03-12,23.07,Delhi
Tomato,2026-03-13,20.57,Ludhiana
Tomato,2026-03-14,20.41,Ludhiana
Tomato,2026-03-15,21.88,Hisar
Tomato,2026-03-16,20.82,Ludhiana
Tomato,2026-03-17,23.15,Sonipat
Tomato,2026-03-18,21.5,Gurugram
Tomato,2026-03-19,22.91,Gurugram
Tomato,2026-03-20,20.56,Ambala
Tomato,2026-03-21,22.47,Panipat
Tomato,2026-03-22,21.81,Chandigarh
Tomato,2026-03-23,23.59,Delhi
Tomato,2026-03-24,20.39,Hisar
Tomato,2026-03-25,21.51,Karnal
Tomato,2026-03-26,22.43,Ludhiana
Tomato,2026-03-27,21.33,Rohtak
Tomato,2026-03-28,19.72,Karnal
Tomato,2026-03-29,21.14,Karnal
Tomato,2026-03-30,20.69,Ambala
Tomato,2026-03-31,20.98,Chandigarh
Tomato,2026-04-01,22.62,Hisar
Tomato,2026-04-02,24.83,Chandigarh
Tomato,2026-04-03,21.69,Ludhiana
Tomato,2026-04-04,21.41,Panipat
Tomato,2026-04-05,21.22,Karnal
Tomato,2026-04-06,21.63,Chandigarh
Tomato,2026-04-07,24.63,Sonipat
Tomato,2026-04-08,21.05,Ludhiana
Tomato,2026-04-09,21.46,Ambala
Tomato,2026-04-10,24.77,Chandigarh
Tomato,2026-04-11,22.98,Delhi
Tomato,2026-04-12,24.1,Panipat
Tomato,2026-04-13,21.25,Sonipat
Tomato,2026-04-14,21.61,Chandigarh
Tomato,2026-04-15,20.78,Rohtak
Tomato,2026-04-16,24.8,Chandigarh
Tomato,2026-04-17,21.58,Sonipat
Tomato,2026-04-18,23.22,Ludhiana
Tomato,2026-04-19,20.69,Rohtak
Tomato,2026-04-20,22.94,Ludhiana
Tomato,2026-04-21,22.49,Gurugram
Tomato,2026-04-22,21.1,Rohtak
Tomato,2026-04-23,21.43,Ludhiana
Tomato,2026-04-24,20.79,Delhi
Tomato,2026-04-25,22.16,Delhi
Tomato,2026-04-26,23.0,Rohtak
Tomato,2026-04-27,20.99,Ambala
Tomato,2026-04-28,24.79,Delhi
Tomato,2026-04-29,25.02,Delhi
Tomato,2026-04-30,22.95,Hisar
Tomato,2026-05-01,24.12,Ambala
Tomato,2026-05-02,22.24,Chandigarh
Tomato,2026-05-03,23.02,Ludhiana
Tomato,2026-05-04,22.62,Ambala
Tomato,2026-05-05,26.07,Panipat
Tomato,2026-05-06,23.98,Rohtak
Tomato,2026-05-07,24.2,Delhi
Tomato,2026-05-08,25.89,Karnal
Tomato,2026-05-09,24.3,Panipat
Tomato,2026-05-10,24.49,Sonipat
Tomato,2026-05-11,22.41,Chandigarh
Tomato,2026-05-12,21.6,Rohtak
Tomato,2026-05-13,23.27,Ambala
Tomato,2026-05-14,23.58,Rohtak
Tomato,2026-05-15,22.41,Panipat
Tomato,2026-05-16,24.77,Ludhiana
Tomato,2026-05-17,21.63,Karnal
Tomato,2026-05-18,25.9,Ambala
Tomato,2026-05-19,24.6,Karnal
Tomato,2026-05-20,23.43,Chandigarh
Tomato,2026-05-21,22.44,Sonipat
Tomato,2026-05-22,25.87,Sonipat
Tomato,2026-05-23,21.7,Sonipat
Tomato,2026-05-24,25.32,Ambala
Tomato,2026-05-25,25.11,Ambala
Tomato,2026-05-26,25.99,Ludhiana
Tomato,2026-05-27,22.0,Panipat
Tomato,2026-05-28,24.9,Panipat
Tomato,2026-05-29,23.91,Ludhiana
Tomato,2026-05-30,23.61,Ambala
Tomato,2026-05-31,21.62,Hisar
Tomato,2026-06-01,26.09,Ambala
Tomato,2026-06-02,23.58,Delhi
Tomato,2026-06-03,23.48,Ambala
Tomato,2026-06-04,25.36,Rohtak
Tomato,2026-06-05,27.53,Panipat
Tomato,2026-06-06,25.33,Sonipat
Tomato,2026-06-07,24.78,Ludhiana
Tomato,2026-06-08,27.13,Sonipat
Tomato,2026-06-09,27.57,Hisar
Tomato,2026-06-10,25.68,Ludhiana
Tomato,2026-06-11,27.44,Ludhiana
Tomato,2026-06-12,24.2,Gurugram
Tomato,2026-06-13,24.07,Delhi
Tomato,2026-06-14,26.9,Gurugram
Tomato,2026-06-15,24.56,Ludhiana
Tomato,2026-06-16,23.92,Hisar
Tomato,2026-06-17,26.7,Chandigarh
Tomato,2026-06-18,22.62,Delhi
Tomato,2026-06-19,24.09,Gurugram
Tomato,2026-06-20,23.05,Hisar
Tomato,2026-06-21,27.01,Rohtak
Tomato,2026-06-22,25.92,Chandigarh
Tomato,2026-06-23,24.9,Rohtak
Tomato,2026-06-24,23.46,Gurugram
Tomato,2026-06-25,25.77,Ludhiana
Tomato,2026-06-26,25.79,Rohtak
Tomato,2026-06-27,23.57,Chandigarh
Tomato,2026-06-28,23.19,Panipat
Tomato,2026-06-29,24.82,Ludhiana
Tomato,2026-06-30,23.16,Ambala
Tomato,2026-07-01,27.74,Sonipat
Tomato,2026-07-02,25.07,Rohtak
Tomato,2026-07-03,26.4,Delhi
Tomato,2026-07-04,24.61,Delhi
Tomato,2026-07-05,25.91,Delhi
Tomato,2026-07-06,26.94,Sonipat
Tomato,2026-07-07,26.12,Panipat
Tomato,2026-07-08,26.19,Panipat
Tomato,2026-07-09,25.68,Ludhiana
Tomato,2026-07-10,28.79,Karnal
Tomato,2026-07-11,25.92,Sonipat
Tomato,2026-07-12,25.52,Ambala
Tomato,2026-07-13,26.21,Sonipat
Tomato,2026-07-14,28.16,Panipat
Tomato,2026-07-15,27.66,Hisar
Tomato,2026-07-16,25.29,Chandigarh
Tomato,2026-07-17,24.89,Rohtak
Tomato,2026-07-18,24.98,Panipat
Tomato,2026-07-19,28.03,Ambala
Tomato,2026-07-20,28.92,Ludhiana
Tomato,2026-07-21,28.19,Ludhiana
Tomato,2026-07-22,26.39,Gurugram
Tomato,2026-07-23,25.26,Chandigarh
Tomato,2026-07-24,25.5,Gurugram
Tomato,2026-07-25,28.21,Karnal
Tomato,2026-07-26,26.57,Karnal
Tomato,2026-07-27,28.14,Hisar
Tomato,2026-07-28,23.67,Ludhiana
Tomato,2026-07-29,27.3,Hisar
Tomato,2026-07-30,25.55,Sonipat
Tomato,2026-07-31,26.15,Rohtak
Tomato,2026-08-01,24.98,Ambala
Tomato,2026-08-02,26.15,Delhi
Tomato,2026-08-03,29.23,Ludhiana
Tomato,2026-08-04,24.82,Ludhiana
Tomato,2026-08-05,24.33,Sonipat
Tomato,2026-08-06,26.58,Sonipat
Tomato,2026-08-07,24.67,Panipat
Tomato,2026-08-08,26.16,Hisar
Tomato,2026-08-09,27.93,Gurugram
Tomato,2026-08-10,29.07,Chandigarh
Tomato,2026-08-11,26.38,Gurugram
Tomato,2026-08-12,27.78,Ludhiana
Tomato,2026-08-13,29.17,Rohtak
Tomato,2026-08-14,27.71,Karnal
Tomato,2026-08-15,27.78,Panipat
Tomato,2026-08-16,29.85,Delhi
Tomato,2026-08-17,26.65,Delhi
Tomato,2026-08-18,28.49,Delhi
Tomato,2026-08-19,26.69,Panipat
Tomato,2026-08-20,29.29,Rohtak
Tomato,2026-08-21,26.0,Rohtak
Tomato,2026-08-22,25.81,Gurugram
Tomato,2026-08-23,26.58,Karnal
Tomato,2026-08-24,27.14,Ambala
Tomato,2026-08-25,27.98,Sonipat
Tomato,2026-08-26,25.08,Delhi
Tomato,2026-08-27,27.56,Hisar
Tomato,2026-08-28,27.6,Karnal
Tomato,2026-08-29,26.9,Ambala
Tomato,2026-08-30,24.89,Ludhiana
Tomato,2026-08-31,27.67,Ludhiana
Tomato,2026-09-01,26.38,Rohtak
Tomato,2026-09-02,30.13,Ludhiana
Tomato,2026-09-03,30.13,Chandigarh
Tomato,2026-09-04,25.78,Ludhiana
Tomato,2026-09-05,30.36,Ambala
Tomato,2026-09-06,26.58,Hisar
Tomato,2026-09-07,28.85,Ludhiana
Tomato,2026-09-08,29.74,Karnal
Tomato,2026-09-09,30.62,Ludhiana
Tomato,2026-09-10,25.41,Hisar
Tomato,2026-09-11,28.11,Ambala
Tomato,2026-09-12,26.49,Panipat
Wheat,2025-09-13,24.43,Hisar
Wheat,2025-09-14,24.74,Ambala
Wheat,2025-09-15,25.46,Rohtak
Wheat,2025-09-16,25.53,Ludhiana
Wheat,2025-09-17,25.45,Panipat
Wheat,2025-09-18,25.39,Karnal
Wheat,2025-09-19,25.2,Gurugram
Wheat,2025-09-20,24.75,Karnal
Wheat,2025-09-21,25.24,Sonipat
Wheat,2025-09-22,25.27,Rohtak
Wheat,2025-09-23,24.89,Ludhiana
Wheat,2025-09-24,24.57,Gurugram
Wheat,2025-09-25,25.43,Delhi
Wheat,2025-09-26,25.65,Gurugram
Wheat,2025-09-27,25.47,Sonipat
Wheat,2025-09-28,24.82,Chandigarh
Wheat,2025-09-29,25.65,Gurugram
Wheat,2025-09-30,25.24,Panipat
Wheat,2025-10-01,24.59,Panipat
Wheat,2025-10-02,24.7,Ludhiana
Wheat,2025-10-03,24.77,Panipat
Wheat,2025-10-04,24.53,Gurugram
Wheat,2025-10-05,24.61,Ludhiana
Wheat,2025-10-06,24.8,Sonipat
Wheat,2025-10-07,24.57,Karnal
Wheat,2025-10-08,24.7,Hisar
Wheat,2025-10-09,24.84,Chandigarh
Wheat,2025-10-10,24.14,Hisar
Wheat,2025-10-11,23.74,Chandigarh
Wheat,2025-10-12,23.88,Gurugram
Wheat,2025-10-13,24.53,Panipat
Wheat,2025-10-14,24.43,Gurugram
Wheat,2025-10-15,23.89,Karnal
Wheat,2025-10-16,24.32,Ambala
Wheat,2025-10-17,24.81,Chandigarh
Wheat,2025-10-18,24.17,Ambala
Wheat,2025-10-19,24.05,Delhi
Wheat,2025-10-20,24.54,Ludhiana
Wheat,2025-10-21,24.87,Panipat
Wheat,2025-10-22,24.57,Delhi
Wheat,2025-10-23,23.98,Rohtak
Wheat,2025-10-24,24.18,Ludhiana
Wheat,2025-10-25,23.97,Karnal
Wheat,2025-10-26,24.88,Sonipat
Wheat,2025-10-27,24.3,Gurugram
Wheat,2025-10-28,24.63,Chandigarh
Wheat,2025-10-29,24.34,Sonipat
Wheat,2025-10-30,24.9,Delhi
Wheat,2025-10-31,24.84,Ambala
Wheat,2025-11-01,25.36,Panipat
Wheat,2025-11-02,24.9,Gurugram
Wheat,2025-11-03,25.13,Ludhiana
Wheat,2025-11-04,26.03,Gurugram
Wheat,2025-11-05,24.99,Gurugram
Wheat,2025-11-06,25.54,Gurugram
Wheat,2025-11-07,24.95,Panipat
Wheat,2025-11-08,25.11,Delhi
Wheat,2025-11-09,26.04,Ludhiana
Wheat,2025-11-10,25.0,Karnal
Wheat,2025-11-11,25.67,Ambala
Wheat,2025-11-12,26.08,Rohtak
Wheat,2025-11-13,25.85,Karnal
Wheat,2025-11-14,26.1,Ambala
Wheat,2025-11-15,25.14,Chandigarh
Wheat,2025-11-16,25.14,Karnal
Wheat,2025-11-17,25.88,Karnal
Wheat,2025-11-18,25.29,Sonipat
Wheat,2025-11-19,25.85,Ambala
Wheat,2025-11-20,24.89,Sonipat
Wheat,2025-11-21,26.09,Chandigarh
Wheat,2025-11-22,25.19,Sonipat
Wheat,2025-11-23,25.01,Rohtak
Wheat,2025-11-24,25.04,Gurugram
Wheat,2025-11-25,25.84,Karnal
Wheat,2025-11-26,25.59,Rohtak
Wheat,2025-11-27,25.08,Rohtak
Wheat,2025-11-28,25.02,Hisar
Wheat,2025-11-29,25.5,Delhi
Wheat,2025-11-30,25.44,Gurugram
Wheat,2025-12-01,26.49,Delhi
Wheat,2025-12-02,26.41,Karnal
Wheat,2025-12-03,27.03,Rohtak
Wheat,2025-12-04,26.75,Chandigarh
Wheat,2025-12-05,26.2,Rohtak
Wheat,2025-12-06,25.89,Ludhiana
Wheat,2025-12-07,26.88,Hisar
Wheat,2025-12-08,26.67,Ludhiana
Wheat,2025-12-09,26.7,Ludhiana
Wheat,2025-12-10,25.88,Delhi
Wheat,2025-12-11,26.19,Sonipat
Wheat,2025-12-12,25.85,Panipat
Wheat,2025-12-13,26.55,Ambala
Wheat,2025-12-14,26.45,Gurugram
Wheat,2025-12-15,26.23,Ambala
Wheat,2025-12-16,26.41,Ludhiana
Wheat,2025-12-17,26.37,Hisar
Wheat,2025-12-18,25.84,Delhi
Wheat,2025-12-19,26.79,Chandigarh
Wheat,2025-12-20,26.61,Karnal
Wheat,2025-12-21,26.23,Karnal
Wheat,2025-12-22,26.2,Ludhiana
Wheat,2025-12-23,26.17,Delhi
Wheat,2025-12-24,26.05,Gurugram
Wheat,2025-12-25,26.49,Gurugram
Wheat,2025-12-26,26.84,Ludhiana
Wheat,2025-12-27,25.71,Delhi
Wheat,2025-12-28,25.73,Delhi
Wheat,2025-12-29,26.54,Gurugram
Wheat,2025-12-30,26.61,Chandigarh
Wheat,2025-12-31,25.66,Chandigarh
Wheat,2026-01-01,27.29,Delhi
Wheat,2026-01-02,27.08,Hisar
Wheat,2026-01-03,27.66,Rohtak
Wheat,2026-01-04,27.78,Ambala
Wheat,2026-01-05,26.91,Delhi
Wheat,2026-01-06,27.24,Karnal
Wheat,2026-01-07,26.68,Ludhiana
Wheat,2026-01-08,26.76,Delhi
Wheat,2026-01-09,26.91,Chandigarh
Wheat,2026-01-10,26.92,Panipat
Wheat,2026-01-11,27.17,Hisar
Wheat,2026-01-12,27.51,Ambala
Wheat,2026-01-13,27.2,Chandigarh
Wheat,2026-01-14,26.42,Panipat
Wheat,2026-01-15,26.41,Panipat
Wheat,2026-01-16,27.27,Panipat
Wheat,2026-01-17,27.54,Gurugram
Wheat,2026-01-18,26.34,Sonipat
Wheat,2026-01-19,27.05,Hisar
Wheat,2026-01-20,26.4,Rohtak
Wheat,2026-01-21,26.41,Chandigarh
Wheat,2026-01-22,26.56,Hisar
Wheat,2026-01-23,26.85,Sonipat
Wheat,2026-01-24,26.73,Gurugram
Wheat,2026-01-25,27.25,Ambala
Wheat,2026-01-26,27.0,Rohtak
Wheat,2026-01-27,26.42,Ambala
Wheat,2026-01-28,26.27,Delhi
Wheat,2026-01-29,26.54,Hisar
Wheat,2026-01-30,26.8,Ludhiana
Wheat,2026-01-31,26.7,Karnal
Wheat,2026-02-01,28.13,Delhi
Wheat,2026-02-02,27.57,Delhi
Wheat,2026-02-03,27.48,Ambala
Wheat,2026-02-04,27.73,Panipat
Wheat,2026-02-05,27.13,Hisar
Wheat,2026-02-06,28.37,Rohtak
Wheat,2026-02-07,27.06,Panipat
Wheat,2026-02-08,28.3,Sonipat
Wheat,2026-02-09,28.04,Panipat
Wheat,2026-02-10,27.45,Rohtak
Wheat,2026-02-11,27.67,Hisar
Wheat,2026-02-12,27.23,Hisar
Wheat,2026-02-13,27.69,Karnal
Wheat,2026-02-14,27.64,Gurugram
Wheat,2026-02-15,27.06,Rohtak
Wheat,2026-02-16,27.53,Ludhiana
Wheat,2026-02-17,28.16,Gurugram
Wheat,2026-02-18,27.7,Ambala
Wheat,2026-02-19,27.46,Hisar
Wheat,2026-02-20,27.3,Hisar
Wheat,2026-02-21,26.93,Gurugram
Wheat,2026-02-22,27.12,Ambala
Wheat,2026-02-23,27.5,Gurugram
Wheat,2026-02-24,27.0,Delhi
Wheat,2026-02-25,27.19,Ambala
Wheat,2026-02-26,27.39,Delhi
Wheat,2026-02-27,27.38,Panipat
Wheat,2026-02-28,27.84,Karnal
Wheat,2026-03-01,28.26,Sonipat
Wheat,2026-03-02,27.9,Delhi
Wheat,2026-03-03,28.52,Karnal
Wheat,2026-03-04,29.02,Gurugram
Wheat,2026-03-05,28.26,Sonipat
Wheat,2026-03-06,28.1,Sonipat
Wheat,2026-03-07,28.12,Sonipat
Wheat,2026-03-08,28.59,Delhi
Wheat,2026-03-09,28.0,Ludhiana
Wheat,2026-03-10,28.39,Ambala
Wheat,2026-03-11,28.79,Ludhiana
Wheat,2026-03-12,28.68,Ambala
Wheat,2026-03-13,28.63,Ambala
Wheat,2026-03-14,28.19,Gurugram
Wheat,2026-03-15,27.95,Delhi
Wheat,2026-03-16,28.38,Panipat
Wheat,2026-03-17,28.83,Ambala
Wheat,2026-03-18,27.82,Chandigarh
Wheat,2026-03-19,27.84,Ludhiana
Wheat,2026-03-20,28.35,Rohtak
Wheat,2026-03-21,28.24,Panipat
Wheat,2026-03-22,27.84,Delhi
Wheat,2026-03-23,28.58,Chandigarh
Wheat,2026-03-24,28.26,Ambala
Wheat,2026-03-25,28.5,Rohtak
Wheat,2026-03-26,28.36,Ambala
Wheat,2026-03-27,28.63,Gurugram
Wheat,2026-03-28,28.57,Chandigarh
Wheat,2026-03-29,27.96,Rohtak
Wheat,2026-03-30,28.37,Gurugram
Wheat,2026-03-31,29.1,Delhi
Wheat,2026-04-01,29.43,Sonipat
Wheat,2026-04-02,28.78,Ludhiana
Wheat,2026-04-03,30.13,Chandigarh
Wheat,2026-04-04,29.47,Sonipat
Wheat,2026-04-05,29.25,Panipat
Wheat,2026-04-06,29.29,Gurugram
Wheat,2026-04-07,29.71,Rohtak
Wheat,2026-04-08,29.87,Gurugram
Wheat,2026-04-09,28.86,Delhi
Wheat,2026-04-10,29.56,Hisar
Wheat,2026-04-11,29.18,Ambala
Wheat,2026-04-12,30.02,Gurugram
Wheat,2026-04-13,28.91,Sonipat
Wheat,2026-04-14,30.1,Panipat
Wheat,2026-04-15,30.18,Hisar
Wheat,2026-04-16,29.0,Delhi
Wheat,2026-04-17,29.27,Hisar
Wheat,2026-04-18,29.75,Gurugram
Wheat,2026-04-19,30.0,Chandigarh
Wheat,2026-04-20,28.99,Hisar
Wheat,2026-04-21,29.59,Rohtak
Wheat,2026-04-22,29.39,Sonipat
Wheat,2026-04-23,30.24,Gurugram
Wheat,2026-04-24,30.25,Ludhiana
Wheat,2026-04-25,29.18,Sonipat
Wheat,2026-04-26,29.14,Panipat
Wheat,2026-04-27,30.14,Delhi
Wheat,2026-04-28,29.67,Chandigarh
Wheat,2026-04-29,30.15,Chandigarh
Wheat,2026-04-30,29.02,Gurugram
Wheat,2026-05-01,29.22,Ambala
Wheat,2026-05-02,28.21,Hisar
Wheat,2026-05-03,28.25,Sonipat
Wheat,2026-05-04,29.2,Ambala
Wheat,2026-05-05,29.18,Sonipat
Wheat,2026-05-06,29.08,Rohtak
Wheat,2026-05-07,28.66,Karnal
Wheat,2026-05-08,29.45,Ambala
Wheat,2026-05-09,28.51,Ludhiana
Wheat,2026-05-10,28.46,Karnal
Wheat,2026-05-11,28.57,Ludhiana
Wheat,2026-05-12,29.41,Karnal
Wheat,2026-05-13,28.68,Ambala
Wheat,2026-05-14,29.55,Ludhiana
Wheat,2026-05-15,29.27,Hisar
Wheat,2026-05-16,28.91,Hisar
Wheat,2026-05-17,29.57,Karnal
Wheat,2026-05-18,29.36,Sonipat
Wheat,2026-05-19,29.47,Rohtak
Wheat,2026-05-20,29.16,Gurugram
Wheat,2026-05-21,29.06,Delhi
Wheat,2026-05-22,29.29,Chandigarh
Wheat,2026-05-23,29.5,Panipat
Wheat,2026-05-24,28.44,Sonipat
Wheat,2026-05-25,28.72,Chandigarh
Wheat,2026-05-26,28.56,Hisar
Wheat,2026-05-27,28.5,Karnal
Wheat,2026-05-28,29.52,Gurugram
Wheat,2026-05-29,29.7,Hisar
Wheat,2026-05-30,28.49,Chandigarh
Wheat,2026-05-31,28.95,Hisar
Wheat,2026-06-01,28.8,Gurugram
Wheat,2026-06-02,27.78,Gurugram
Wheat,2026-06-03,28.74,Gurugram
Wheat,2026-06-04,28.57,Sonipat
Wheat,2026-06-05,27.56,Ludhiana
Wheat,2026-06-06,28.47,Sonipat
Wheat,2026-06-07,28.56,Ludhiana
Wheat,2026-06-08,28.16,Rohtak
Wheat,2026-06-09,28.79,Rohtak
Wheat,2026-06-10,27.92,Sonipat
Wheat,2026-06-11,28.33,Ambala
Wheat,2026-06-12,28.31,Delhi
Wheat,2026-06-13,28.66,Karnal
Wheat,2026-06-14,28.03,Rohtak
Wheat,2026-06-15,27.96,Ambala
Wheat,2026-06-16,28.27,Delhi
Wheat,2026-06-17,28.79,Ludhiana
Wheat,2026-06-18,28.48,Rohtak
Wheat,2026-06-19,28.54,Ambala
Wheat,2026-06-20,28.02,Sonipat
Wheat,2026-06-21,28.09,Rohtak
Wheat,2026-06-22,28.54,Karnal
Wheat,2026-06-23,28.49,Sonipat
Wheat,2026-06-24,28.63,Delhi
Wheat,2026-06-25,28.45,Gurugram
Wheat,2026-06-26,27.84,Chandigarh
Wheat,2026-06-27,28.5,Chandigarh
Wheat,2026-06-28,28.52,Hisar
Wheat,2026-06-29,28.96,Rohtak
Wheat,2026-06-30,28.65,Gurugram
Wheat,2026-07-01,27.13,Rohtak
Wheat,2026-07-02,27.27,Delhi
Wheat,2026-07-03,27.26,Delhi
Wheat,2026-07-04,27.83,Gurugram
Wheat,2026-07-05,27.0,Gurugram
Wheat,2026-07-06,27.55,Sonipat
Wheat,2026-07-07,27.93,Ludhiana
Wheat,2026-07-08,28.13,Ludhiana
Wheat,2026-07-09,27.68,Sonipat
Wheat,2026-07-10,26.93,Ludhiana
Wheat,2026-07-11,26.9,Karnal
Wheat,2026-07-12,26.91,Karnal
Wheat,2026-07-13,28.03,Gurugram
Wheat,2026-07-14,28.1,Chandigarh
Wheat,2026-07-15,27.39,Chandigarh
Wheat,2026-07-16,27.49,Rohtak
Wheat,2026-07-17,27.87,Karnal
Wheat,2026-07-18,27.25,Rohtak
Wheat,2026-07-19,28.02,Gurugram
Wheat,2026-07-20,27.24,Gurugram
Wheat,2026-07-21,27.45,Hisar
Wheat,2026-07-22,27.86,Hisar
Wheat,2026-07-23,27.33,Sonipat
Wheat,2026-07-24,27.53,Ludhiana
Wheat,2026-07-25,27.36,Chandigarh
Wheat,2026-07-26,27.23,Delhi
Wheat,2026-07-27,27.84,Delhi
Wheat,2026-07-28,27.45,Sonipat
Wheat,2026-07-29,27.6,Gurugram
Wheat,2026-07-30,27.01,Gurugram
Wheat,2026-07-31,27.74,Panipat
Wheat,2026-08-01,26.44,Hisar
Wheat,2026-08-02,26.08,Ludhiana
Wheat,2026-08-03,26.32,Rohtak
Wheat,2026-08-04,26.79,Gurugram
Wheat,2026-08-05,26.64,Hisar
Wheat,2026-08-06,26.21,Rohtak
Wheat,2026-08-07,25.95,Hisar
Wheat,2026-08-08,26.31,Sonipat
Wheat,2026-08-09,27.06,Sonipat
Wheat,2026-08-10,26.92,Ludhiana
Wheat,2026-08-11,25.88,Delhi
Wheat,2026-08-12,26.13,Gurugram
Wheat,2026-08-13,26.28,Ambala
Wheat,2026-08-14,25.86,Sonipat
Wheat,2026-08-15,26.67,Gurugram
Wheat,2026-08-16,26.28,Delhi
Wheat,2026-08-17,26.52,Chandigarh
Wheat,2026-08-18,26.25,Gurugram
Wheat,2026-08-19,26.6,Karnal
Wheat,2026-08-20,26.99,Rohtak
Wheat,2026-08-21,26.7,Ludhiana
Wheat,2026-08-22,26.41,Chandigarh
Wheat,2026-08-23,25.9,Panipat
Wheat,2026-08-24,26.63,Karnal
Wheat,2026-08-25,26.99,Panipat
Wheat,2026-08-26,26.6,Ludhiana
Wheat,2026-08-27,25.97,Sonipat
Wheat,2026-08-28,26.78,Ludhiana
Wheat,2026-08-29,25.91,Ludhiana
Wheat,2026-08-30,26.94,Gurugram
Wheat,2026-08-31,26.52,Delhi
Wheat,2026-09-01,25.34,Panipat
Wheat,2026-09-02,25.75,Sonipat
Wheat,2026-09-03,25.52,Sonipat
Wheat,2026-09-04,25.61,Chandigarh
Wheat,2026-09-05,24.91,Karnal
Wheat,2026-09-06,25.58,Karnal
Wheat,2026-09-07,25.57,Rohtak
Wheat,2026-09-08,25.04,Ambala
Wheat,2026-09-09,25.04,Chandigarh
Wheat,2026-09-10,24.74,Delhi
Wheat,2026-09-11,24.65,Hisar
Wheat,2026-09-12,25.76,Ludhiana
Potato,2025-09-13,14.63,Hisar
Potato,2025-09-14,15.16,Delhi
Potato,2025-09-15,13.94,Gurugram
Potato,2025-09-16,14.85,Ludhiana
Potato,2025-09-17,14.55,Chandigarh
Potato,2025-09-18,14.35,Chandigarh
Potato,2025-09-19,14.87,Sonipat
Potato,2025-09-20,15.1,Sonipat
Potato,2025-09-21,14.52,Rohtak
Potato,2025-09-22,15.23,Chandigarh
Potato,2025-09-23,14.05,Sonipat
Potato,2025-09-24,14.07,Karnal
Potato,2025-09-25,14.4,Chandigarh
Potato,2025-09-26,15.37,Delhi
Potato,2025-09-27,14.24,Chandigarh
Potato,2025-09-28,14.29,Panipat
Potato,2025-09-29,14.9,Delhi
Potato,2025-09-30,14.71,Sonipat
Potato,2025-10-01,15.47,Ambala
Potato,2025-10-02,14.67,Ambala
Potato,2025-10-03,15.72,Ambala
Potato,2025-10-04,15.02,Ambala
Potato,2025-10-05,14.48,Rohtak
Potato,2025-10-06,14.56,Ambala
Potato,2025-10-07,14.9,Karnal
Potato,2025-10-08,15.84,Hisar
Potato,2025-10-09,15.57,Rohtak
Potato,2025-10-10,15.35,Chandigarh
Potato,2025-10-11,14.97,Panipat
Potato,2025-10-12,15.34,Hisar
Potato,2025-10-13,15.0,Delhi
Potato,2025-10-14,15.73,Sonipat
Potato,2025-10-15,15.27,Ludhiana
Potato,2025-10-16,15.32,Gurugram
Potato,2025-10-17,15.59,Gurugram
Potato,2025-10-18,16.07,Gurugram
Potato,2025-10-19,15.84,Gurugram
Potato,2025-10-20,16.29,Sonipat
Potato,2025-10-21,15.9,Chandigarh
Potato,2025-10-22,15.53,Gurugram
Potato,2025-10-23,14.94,Delhi
Potato,2025-10-24,15.0,Karnal
Potato,2025-10-25,14.76,Rohtak
Potato,2025-10-26,15.04,Hisar
Potato,2025-10-27,16.11,Hisar
Potato,2025-10-28,14.97,Sonipat
Potato,2025-10-29,16.02,Ambala
Potato,2025-10-30,15.86,Karnal
Potato,2025-10-31,15.94,Ludhiana
Potato,2025-11-01,17.0,Ludhiana
Potato,2025-11-02,16.05,Panipat
Potato,2025-11-03,16.05,Delhi
Potato,2025-11-04,16.91,Chandigarh
Potato,2025-11-05,15.97,Karnal
Potato,2025-11-06,15.51,Gurugram
Potato,2025-11-07,15.19,Panipat
Potato,2025-11-08,16.05,Ludhiana
Potato,2025-11-09,15.65,Rohtak
Potato,2025-11-10,16.73,Hisar
Potato,2025-11-11,15.36,Panipat
Potato,2025-11-12,16.5,Hisar
Potato,2025-11-13,15.81,Hisar
Potato,2025-11-14,15.2,Chandigarh
Potato,2025-11-15,15.48,Chandigarh
Potato,2025-11-16,15.66,Hisar
Potato,2025-11-17,16.07,Chandigarh
Potato,2025-11-18,15.64,Ambala
Potato,2025-11-19,16.41,Delhi
Potato,2025-11-20,15.35,Delhi
Potato,2025-11-21,15.86,Gurugram
Potato,2025-11-22,16.17,Gurugram
Potato,2025-11-23,16.55,Karnal
Potato,2025-11-24,16.25,Hisar
Potato,2025-11-25,16.06,Rohtak
Potato,2025-11-26,15.16,Gurugram
Potato,2025-11-27,16.64,Chandigarh
Potato,2025-11-28,15.97,Ambala
Potato,2025-11-29,16.8,Sonipat
Potato,2025-11-30,15.71,Ambala
Potato,2025-12-01,16.27,Hisar
Potato,2025-12-02,17.61,Panipat
Potato,2025-12-03,16.81,Chandigarh
Potato,2025-12-04,17.28,Chandigarh
Potato,2025-12-05,16.6,Ambala
Potato,2025-12-06,16.22,Rohtak
Potato,2025-12-07,16.35,Delhi
Potato,2025-12-08,17.56,Ambala
Potato,2025-12-09,16.22,Rohtak
Potato,2025-12-10,16.79,Panipat
Potato,2025-12-11,17.52,Ambala
Potato,2025-12-12,16.74,Rohtak
Potato,2025-12-13,16.75,Sonipat
Potato,2025-12-14,16.63,Ambala
Potato,2025-12-15,17.12,Hisar
Potato,2025-12-16,15.87,Karnal
Potato,2025-12-17,15.63,Delhi
Potato,2025-12-18,15.94,Ludhiana
Potato,2025-12-19,16.18,Sonipat
Potato,2025-12-20,16.37,Karnal
Potato,2025-12-21,16.36,Ambala
Potato,2025-12-22,17.36,Rohtak
Potato,2025-12-23,16.93,Chandigarh
Potato,2025-12-24,15.94,Gurugram
Potato,2025-12-25,17.5,Ludhiana
Potato,2025-12-26,16.55,Gurugram
Potato,2025-12-27,17.4,Ludhiana
Potato,2025-12-28,17.3,Gurugram
Potato,2025-12-29,16.57,Panipat
Potato,2025-12-30,16.69,Karnal
Potato,2025-12-31,17.37,Panipat
Potato,2026-01-01,17.16,Karnal
Potato,2026-01-02,17.94,Panipat
Potato,2026-01-03,17.58,Karnal
Potato,2026-01-04,17.41,Ludhiana
Potato,2026-01-05,16.64,Gurugram
Potato,2026-01-06,17.13,Panipat
Potato,2026-01-07,16.56,Ambala
Potato,2026-01-08,17.35,Hisar
Potato,2026-01-09,17.79,Hisar
Potato,2026-01-10,17.62,Sonipat
Potato,2026-01-11,16.54,Panipat
Potato,2026-01-12,17.88,Delhi
Potato,2026-01-13,16.64,Ludhiana
Potato,2026-01-14,17.26,Ludhiana
Potato,2026-01-15,16.35,Chandigarh
Potato,2026-01-16,16.46,Chandigarh
Potato,2026-01-17,17.31,Sonipat
Potato,2026-01-18,16.11,Ambala
Potato,2026-01-19,16.37,Rohtak
Potato,2026-01-20,17.23,Chandigarh
Potato,2026-01-21,16.32,Karnal
Potato,2026-01-22,15.97,Hisar
Potato,2026-01-23,16.52,Ludhiana
Potato,2026-01-24,16.05,Sonipat
Potato,2026-01-25,15.85,Chandigarh
Potato,2026-01-26,17.8,Sonipat
Potato,2026-01-27,16.64,Ludhiana
Potato,2026-01-28,16.78,Karnal
Potato,2026-01-29,17.33,Panipat
Potato,2026-01-30,16.45,Rohtak
Potato,2026-01-31,17.62,Delhi
Potato,2026-02-01,17.69,Karnal
Potato,2026-02-02,17.43,Rohtak
Potato,2026-02-03,18.21,Sonipat
Potato,2026-02-04,17.17,Sonipat
Potato,2026-02-05,18.24,Rohtak
Potato,2026-02-06,18.36,Hisar
Potato,2026-02-07,17.92,Sonipat
Potato,2026-02-08,18.22,Panipat
Potato,2026-02-09,18.09,Rohtak
Potato,2026-02-10,16.88,Ambala
Potato,2026-02-11,16.48,Gurugram
Potato,2026-02-12,16.84,Chandigarh
Potato,2026-02-13,17.33,Sonipat
Potato,2026-02-14,18.0,Ludhiana
Potato,2026-02-15,16.8,Delhi
Potato,2026-02-16,16.91,Ludhiana
Potato,2026-02-17,17.56,Sonipat
Potato,2026-02-18,16.24,Gurugram
Potato,2026-02-19,17.84,Ambala
Potato,2026-02-20,17.6,Karnal
Potato,2026-02-21,16.56,Hisar
Potato,2026-02-22,17.9,Chandigarh
Potato,2026-02-23,16.86,Hisar
Potato,2026-02-24,17.56,Sonipat
Potato,2026-02-25,18.2,Ludhiana
Potato,2026-02-26,16.84,Karnal
Potato,2026-02-27,16.18,Hisar
Potato,2026-02-28,16.65,Panipat
Potato,2026-03-01,17.52,Panipat
Potato,2026-03-02,16.78,Ambala
Potato,2026-03-03,15.64,Gurugram
Potato,2026-03-04,16.99,Rohtak
Potato,2026-03-05,16.94,Ludhiana
Potato,2026-03-06,16.22,Hisar
Potato,2026-03-07,16.97,Panipat
Potato,2026-03-08,16.97,Panipat
Potato,2026-03-09,16.33,Karnal
Potato,2026-03-10,16.03,Sonipat
Potato,2026-03-11,16.54,Ludhiana
Potato,2026-03-12,17.08,Ambala
Potato,2026-03-13,16.33,Chandigarh
Potato,2026-03-14,17.4,Chandigarh
Potato,2026-03-15,17.18,Karnal
Potato,2026-03-16,17.1,Ambala
Potato,2026-03-17,17.32,Delhi
Potato,2026-03-18,16.63,Chandigarh
Potato,2026-03-19,16.98,Delhi
Potato,2026-03-20,17.41,Delhi
Potato,2026-03-21,15.71,Chandigarh
Potato,2026-03-22,17.38,Karnal
Potato,2026-03-23,16.72,Sonipat
Potato,2026-03-24,15.91,Chandigarh
Potato,2026-03-25,16.46,Karnal
Potato,2026-03-26,17.01,Ludhiana
Potato,2026-03-27,15.77,Chandigarh
Potato,2026-03-28,16.48,Rohtak
Potato,2026-03-29,16.49,Chandigarh
Potato,2026-03-30,16.42,Ambala
Potato,2026-03-31,15.71,Ludhiana
Potato,2026-04-01,16.35,Panipat
Potato,2026-04-02,16.45,Hisar
Potato,2026-04-03,15.55,Rohtak
Potato,2026-04-04,16.5,Ambala
Potato,2026-04-05,15.21,Hisar
Potato,2026-04-06,15.73,Delhi
Potato,2026-04-07,16.12,Rohtak
Potato,2026-04-08,16.88,Delhi
Potato,2026-04-09,16.98,Ludhiana
Potato,2026-04-10,15.15,Hisar
Potato,2026-04-11,15.44,Sonipat
Potato,2026-04-12,16.57,Hisar
Potato,2026-04-13,15.82,Hisar
Potato,2026-04-14,15.97,Hisar
Potato,2026-04-15,15.83,Chandigarh
Potato,2026-04-16,15.37,Gurugram
Potato,2026-04-17,15.34,Chandigarh
Potato,2026-04-18,15.88,Sonipat
Potato,2026-04-19,16.53,Karnal
Potato,2026-04-20,16.74,Rohtak
Potato,2026-04-21,17.03,Ludhiana
Potato,2026-04-22,16.44,Chandigarh
Potato,2026-04-23,15.97,Hisar
Potato,2026-04-24,16.75,Karnal
Potato,2026-04-25,16.05,Sonipat
Potato,2026-04-26,15.7,Delhi
Potato,2026-04-27,15.23,Hisar
Potato,2026-04-28,16.37,Rohtak
Potato,2026-04-29,15.65,Delhi
Potato,2026-04-30,15.39,Rohtak
Potato,2026-05-01,15.49,Rohtak
Potato,2026-05-02,15.12,Rohtak
Potato,2026-05-03,15.42,Karnal
Potato,2026-05-04,15.69,Rohtak
Potato,2026-05-05,14.94,Panipat
Potato,2026-05-06,15.13,Ambala
Potato,2026-05-07,15.29,Ambala
Potato,2026-05-08,16.15,Gurugram
Potato,2026-05-09,15.15,Sonipat
Potato,2026-05-10,16.57,Chandigarh
Potato,2026-05-11,15.14,Panipat
Potato,2026-05-12,15.25,Chandigarh
Potato,2026-05-13,16.52,Sonipat
Potato,2026-05-14,15.92,Hisar
Potato,2026-05-15,15.8,Rohtak
Potato,2026-05-16,16.59,Hisar
Potato,2026-05-17,16.25,Gurugram
Potato,2026-05-18,16.09,Hisar
Potato,2026-05-19,15.06,Hisar
Potato,2026-05-20,15.13,Chandigarh
Potato,2026-05-21,15.69,Karnal
Potato,2026-05-22,15.37,Sonipat
Potato,2026-05-23,16.33,Rohtak
Potato,2026-05-24,15.88,Hisar
Potato,2026-05-25,15.88,Sonipat
Potato,2026-05-26,15.57,Panipat
Potato,2026-05-27,15.22,Delhi
Potato,2026-05-28,16.59,Gurugram
Potato,2026-05-29,15.03,Karnal
Potato,2026-05-30,14.96,Hisar
Potato,2026-05-31,16.15,Ambala
Potato,2026-06-01,14.4,Delhi
Potato,2026-06-02,14.68,Ambala
Potato,2026-06-03,15.66,Chandigarh
Potato,2026-06-04,14.74,Karnal
Potato,2026-06-05,15.95,Gurugram
Potato,2026-06-06,14.91,Rohtak
Potato,2026-06-07,14.75,Karnal
Potato,2026-06-08,16.14,Delhi
Potato,2026-06-09,15.75,Ludhiana
Potato,2026-06-10,16.06,Ambala
Potato,2026-06-11,15.68,Hisar
Potato,2026-06-12,16.08,Chandigarh
Potato,2026-06-13,15.0,Panipat
Potato,2026-06-14,15.11,Chandigarh
Potato,2026-06-15,15.61,Panipat
Potato,2026-06-16,14.9,Chandigarh
Potato,2026-06-17,16.05,Ludhiana
Potato,2026-06-18,14.61,Ludhiana
Potato,2026-06-19,15.84,Gurugram
Potato,2026-06-20,16.13,Gurugram
Potato,2026-06-21,15.03,Rohtak
Potato,2026-06-22,15.49,Karnal
Potato,2026-06-23,15.83,Rohtak
Potato,2026-06-24,14.95,Ambala
Potato,2026-06-25,15.54,Hisar
Potato,2026-06-26,15.02,Karnal
Potato,2026-06-27,15.09,Hisar
Potato,2026-06-28,15.54,Karnal
Potato,2026-06-29,15.41,Gurugram
Potato,2026-06-30,14.97,Ludhiana
Potato,2026-07-01,15.66,Ludhiana
Potato,2026-07-02,14.76,Gurugram
Potato,2026-07-03,14.25,Chandigarh
Potato,2026-07-04,14.82,Chandigarh
Potato,2026-07-05,15.72,Rohtak
Potato,2026-07-06,14.89,Delhi
Potato,2026-07-07,15.64,Rohtak
Potato,2026-07-08,15.32,Hisar
Potato,2026-07-09,14.21,Karnal
Potato,2026-07-10,14.09,Sonipat
Potato,2026-07-11,13.98,Chandigarh
Potato,2026-07-12,14.78,Rohtak
Potato,2026-07-13,15.07,Ambala
Potato,2026-07-14,15.6,Ludhiana
Potato,2026-07-15,14.0,Chandigarh
Potato,2026-07-16,14.96,Rohtak
Potato,2026-07-17,14.01,Panipat
Potato,2026-07-18,14.94,Panipat
Potato,2026-07-19,14.01,Hisar
Potato,2026-07-20,15.42,Sonipat
Potato,2026-07-21,14.17,Delhi
Potato,2026-07-22,14.92,Karnal
Potato,2026-07-23,14.32,Chandigarh
Potato,2026-07-24,14.43,Gurugram
Potato,2026-07-25,14.46,Hisar
Potato,2026-07-26,14.12,Hisar
Potato,2026-07-27,14.8,Karnal
Potato,2026-07-28,15.75,Karnal
Potato,2026-07-29,14.52,Delhi
Potato,2026-07-30,15.15,Rohtak
Potato,2026-07-31,14.15,Hisar
Potato,2026-08-01,14.06,Ludhiana
Potato,2026-08-02,13.51,Rohtak
Potato,2026-08-03,14.62,Delhi
Potato,2026-08-04,14.27,Hisar
Potato,2026-08-05,14.52,Gurugram
Potato,2026-08-06,14.38,Delhi
Potato,2026-08-07,14.94,Rohtak
Potato,2026-08-08,13.8,Ambala
Potato,2026-08-09,14.22,Rohtak
Potato,2026-08-10,14.98,Panipat
Potato,2026-08-11,14.94,Ambala
Potato,2026-08-12,14.52,Sonipat
Potato,2026-08-13,14.98,Gurugram
Potato,2026-08-14,13.42,Karnal
Potato,2026-08-15,14.39,Hisar
Potato,2026-08-16,14.97,Panipat
Potato,2026-08-17,13.66,Karnal
Potato,2026-08-18,14.34,Hisar
Potato,2026-08-19,14.53,Chandigarh
Potato,2026-08-20,13.93,Sonipat
Potato,2026-08-21,14.71,Delhi
Potato,2026-08-22,14.21,Gurugram
Potato,2026-08-23,13.44,Hisar
Potato,2026-08-24,13.74,Delhi
Potato,2026-08-25,13.92,Ambala
Potato,2026-08-26,14.97,Hisar
Potato,2026-08-27,14.98,Gurugram
Potato,2026-08-28,13.38,Panipat
Potato,2026-08-29,14.66,Ludhiana
Potato,2026-08-30,14.15,Gurugram
Potato,2026-08-31,14.25,Hisar
Potato,2026-09-01,14.63,Ambala
Potato,2026-09-02,15.03,Delhi
Potato,2026-09-03,15.22,Panipat
Potato,2026-09-04,15.26,Delhi
Potato,2026-09-05,13.98,Sonipat
Potato,2026-09-06,14.5,Sonipat
Potato,2026-09-07,15.13,Gurugram
Potato,2026-09-08,14.46,Delhi
Potato,2026-09-09,13.82,Panipat
Potato,2026-09-10,14.59,Panipat
Potato,2026-09-11,13.98,Delhi
Potato,2026-09-12,14.13,Ludhiana
Onion,2025-09-13,21.29,Chandigarh
Onion,2025-09-14,20.55,Rohtak
Onion,2025-09-15,18.95,Chandigarh
Onion,2025-09-16,18.98,Ambala
Onion,2025-09-17,22.48,Hisar
Onion,2025-09-18,18.59,Hisar
Onion,2025-09-19,20.5,Delhi
Onion,2025-09-20,22.21,Chandigarh
Onion,2025-09-21,23.13,Karnal
Onion,2025-09-22,21.46,Sonipat
Onion,2025-09-23,22.04,Sonipat
Onion,2025-09-24,19.28,Panipat
Onion,2025-09-25,19.95,Sonipat
Onion,2025-09-26,18.92,Hisar
Onion,2025-09-27,20.01,Panipat
Onion,2025-09-28,21.07,Delhi
Onion,2025-09-29,20.46,Karnal
Onion,2025-09-30,22.3,Ludhiana
Onion,2025-10-01,22.43,Karnal
Onion,2025-10-02,21.73,Sonipat
Onion,2025-10-03,20.93,Hisar
Onion,2025-10-04,21.08,Ambala
Onion,2025-10-05,21.34,Gurugram
Onion,2025-10-06,21.67,Hisar
Onion,2025-10-07,23.66,Ambala
Onion,2025-10-08,20.08,Gurugram
Onion,2025-10-09,22.56,Karnal
Onion,2025-10-10,21.91,Sonipat
Onion,2025-10-11,24.49,Gurugram
Onion,2025-10-12,20.94,Ludhiana
Onion,2025-10-13,24.52,Karnal
Onion,2025-10-14,21.13,Panipat
Onion,2025-10-15,23.74,Hisar
Onion,2025-10-16,21.35,Ambala
Onion,2025-10-17,20.49,Chandigarh
Onion,2025-10-18,20.39,Chandigarh
Onion,2025-10-19,19.58,Ludhiana
Onion,2025-10-20,24.45,Karnal
Onion,2025-10-21,21.78,Panipat
Onion,2025-10-22,23.87,Delhi
Onion,2025-10-23,23.81,Hisar
Onion,2025-10-24,23.04,Sonipat
Onion,2025-10-25,22.84,Karnal
Onion,2025-10-26,20.82,Sonipat
Onion,2025-10-27,23.28,Hisar
Onion,2025-10-28,19.88,Ambala
Onion,2025-10-29,22.04,Hisar
Onion,2025-10-30,22.33,Hisar
Onion,2025-10-31,22.39,Gurugram
Onion,2025-11-01,24.03,Chandigarh
Onion,2025-11-02,23.44,Delhi
Onion,2025-11-03,20.78,Karnal
Onion,2025-11-04,23.8,Gurugram
Onion,2025-11-05,21.1,Ambala
Onion,2025-11-06,20.43,Hisar
Onion,2025-11-07,25.51,Gurugram
Onion,2025-11-08,25.51,Hisar
Onion,2025-11-09,20.78,Delhi
Onion,2025-11-10,21.62,Chandigarh
Onion,2025-11-11,24.31,Chandigarh
Onion,2025-11-12,23.39,Ambala
Onion,2025-11-13,21.41,Gurugram
Onion,2025-11-14,22.35,Ambala
Onion,2025-11-15,24.0,Sonipat
Onion,2025-11-16,22.1,Rohtak
Onion,2025-11-17,22.85,Panipat
Onion,2025-11-18,22.49,Delhi
Onion,2025-11-19,20.83,Sonipat
Onion,2025-11-20,22.11,Gurugram
Onion,2025-11-21,22.7,Karnal
Onion,2025-11-22,23.06,Gurugram
Onion,2025-11-23,22.81,Ludhiana
Onion,2025-11-24,24.16,Ludhiana
Onion,2025-11-25,21.94,Panipat
Onion,2025-11-26,20.43,Delhi
Onion,2025-11-27,20.3,Gurugram
Onion,2025-11-28,23.74,Sonipat
Onion,2025-11-29,25.29,Karnal
Onion,2025-11-30,23.01,Chandigarh
Onion,2025-12-01,20.34,Chandigarh
Onion,2025-12-02,21.75,Ludhiana
Onion,2025-12-03,20.72,Hisar
Onion,2025-12-04,22.83,Sonipat
Onion,2025-12-05,22.88,Hisar
Onion,2025-12-06,21.57,Ambala
Onion,2025-12-07,24.15,Ludhiana
Onion,2025-12-08,22.6,Hisar
Onion,2025-12-09,19.48,Karnal
Onion,2025-12-10,20.54,Delhi
Onion,2025-12-11,22.51,Chandigarh
Onion,2025-12-12,20.43,Gurugram
Onion,2025-12-13,20.48,Delhi
Onion,2025-12-14,20.82,Ludhiana
Onion,2025-12-15,22.21,Gurugram
Onion,2025-12-16,22.57,Ambala
Onion,2025-12-17,21.48,Delhi
Onion,2025-12-18,21.24,Ludhiana
Onion,2025-12-19,22.66,Panipat
Onion,2025-12-20,24.24,Ambala
Onion,2025-12-21,19.82,Sonipat
Onion,2025-12-22,21.02,Karnal
Onion,2025-12-23,20.97,Sonipat
Onion,2025-12-24,21.32,Sonipat
Onion,2025-12-25,22.04,Hisar
Onion,2025-12-26,22.48,Ambala
Onion,2025-12-27,21.35,Sonipat
Onion,2025-12-28,21.89,Chandigarh
Onion,2025-12-29,22.96,Sonipat
Onion,2025-12-30,22.23,Ludhiana
Onion,2025-12-31,20.81,Sonipat
Onion,2026-01-01,20.22,Ludhiana
Onion,2026-01-02,21.76,Gurugram
Onion,2026-01-03,23.43,Ludhiana
Onion,2026-01-04,19.29,Hisar
Onion,2026-01-05,23.47,Chandigarh
Onion,2026-01-06,21.89,Hisar
Onion,2026-01-07,22.04,Hisar
Onion,2026-01-08,22.15,Ludhiana
Onion,2026-01-09,21.02,Delhi
Onion,2026-01-10,21.4,Karnal
Onion,2026-01-11,20.01,Panipat
Onion,2026-01-12,19.66,Panipat
Onion,2026-01-13,19.36,Ludhiana
Onion,2026-01-14,21.36,Ludhiana
Onion,2026-01-15,21.27,Delhi
Onion,2026-01-16,21.37,Panipat
Onion,2026-01-17,22.38,Gurugram
Onion,2026-01-18,21.2,Rohtak
Onion,2026-01-19,22.28,Ludhiana
Onion,2026-01-20,21.2,Hisar
Onion,2026-01-21,18.96,Karnal
Onion,2026-01-22,19.93,Rohtak
Onion,2026-01-23,20.68,Gurugram
Onion,2026-01-24,22.74,Delhi
Onion,2026-01-25,20.61,Delhi
Onion,2026-01-26,22.29,Karnal
Onion,2026-01-27,19.44,Ambala
Onion,2026-01-28,21.83,Ambala
Onion,2026-01-29,21.54,Sonipat
Onion,2026-01-30,21.44,Karnal
Onion,2026-01-31,22.42,Rohtak
Onion,2026-02-01,20.44,Chandigarh
Onion,2026-02-02,19.03,Chandigarh
Onion,2026-02-03,18.48,Panipat
Onion,2026-02-04,19.06,Panipat
Onion,2026-02-05,22.24,Chandigarh
Onion,2026-02-06,22.39,Delhi
Onion,2026-02-07,18.29,Hisar
Onion,2026-02-08,22.05,Panipat
Onion,2026-02-09,21.79,Sonipat
Onion,2026-02-10,20.99,Sonipat
Onion,2026-02-11,18.81,Gurugram
Onion,2026-02-12,21.58,Hisar
Onion,2026-02-13,19.94,Ambala
Onion,2026-02-14,20.62,Hisar
Onion,2026-02-15,19.38,Delhi
Onion,2026-02-16,20.61,Delhi
Onion,2026-02-17,19.5,Panipat
Onion,2026-02-18,20.89,Gurugram
Onion,2026-02-19,19.73,Ludhiana
Onion,2026-02-20,19.12,Rohtak
Onion,2026-02-21,21.7,Delhi
Onion,2026-02-22,21.04,Ludhiana
Onion,2026-02-23,20.57,Gurugram
Onion,2026-02-24,21.59,Chandigarh
Onion,2026-02-25,19.42,Hisar
Onion,2026-02-26,21.46,Ludhiana
Onion,2026-02-27,18.8,Panipat
Onion,2026-02-28,19.12,Ambala
Onion,2026-03-01,17.46,Ludhiana
Onion,2026-03-02,20.48,Rohtak
Onion,2026-03-03,17.06,Ludhiana
Onion,2026-03-04,16.92,Sonipat
Onion,2026-03-05,18.87,Rohtak
Onion,2026-03-06,21.39,Hisar
Onion,2026-03-07,17.77,Sonipat
Onion,2026-03-08,20.88,Panipat
Onion,2026-03-09,17.56,Panipat
Onion,2026-03-10,17.26,Gurugram
Onion,2026-03-11,17.98,Gurugram
Onion,2026-03-12,19.87,Sonipat
Onion,2026-03-13,17.06,Panipat
Onion,2026-03-14,20.15,Karnal
Onion,2026-03-15,18.79,Delhi
Onion,2026-03-16,20.05,Rohtak
Onion,2026-03-17,17.8,Delhi
Onion,2026-03-18,17.43,Karnal
Onion,2026-03-19,19.2,Ludhiana
Onion,2026-03-20,16.86,Gurugram
Onion,2026-03-21,20.56,Hisar
Onion,2026-03-22,20.0,Ludhiana
Onion,2026-03-23,17.14,Hisar
Onion,2026-03-24,17.23,Delhi
Onion,2026-03-25,17.29,Gurugram
Onion,2026-03-26,20.86,Sonipat
Onion,2026-03-27,18.58,Sonipat
Onion,2026-03-28,19.77,Sonipat
Onion,2026-03-29,17.14,Ambala
Onion,2026-03-30,16.87,Sonipat
Onion,2026-03-31,18.85,Karnal
Onion,2026-04-01,18.96,Sonipat
Onion,2026-04-02,20.25,Ambala
Onion,2026-04-03,19.22,Karnal
Onion,2026-04-04,16.57,Delhi
Onion,2026-04-05,16.81,Delhi
Onion,2026-04-06,18.8,Hisar
Onion,2026-04-07,17.75,Hisar
Onion,2026-04-08,17.59,Sonipat
Onion,2026-04-09,17.3,Delhi
Onion,2026-04-10,17.31,Ambala
Onion,2026-04-11,18.87,Ambala
Onion,2026-04-12,17.48,Rohtak
Onion,2026-04-13,19.98,Panipat
Onion,2026-04-14,17.14,Ambala
Onion,2026-04-15,18.49,Hisar
Onion,2026-04-16,17.55,Rohtak
Onion,2026-04-17,19.72,Karnal
Onion,2026-04-18,18.44,Delhi
Onion,2026-04-19,17.32,Ambala
Onion,2026-04-20,16.58,Rohtak
Onion,2026-04-21,20.65,Gurugram
Onion,2026-04-22,16.86,Ambala
Onion,2026-04-23,18.15,Chandigarh
Onion,2026-04-24,19.32,Ludhiana
Onion,2026-04-25,20.53,Delhi
Onion,2026-04-26,16.37,Delhi
Onion,2026-04-27,16.37,Karnal
Onion,2026-04-28,16.49,Rohtak
Onion,2026-04-29,20.54,Hisar
Onion,2026-04-30,18.58,Chandigarh
Onion,2026-05-01,18.96,Hisar
Onion,2026-05-02,18.69,Delhi
Onion,2026-05-03,18.43,Chandigarh
Onion,2026-05-04,18.34,Panipat
Onion,2026-05-05,16.07,Delhi
Onion,2026-05-06,17.91,Karnal
Onion,2026-05-07,19.9,Sonipat
Onion,2026-05-08,18.03,Hisar
Onion,2026-05-09,18.25,Delhi
Onion,2026-05-10,17.08,Hisar
Onion,2026-05-11,18.89,Karnal
Onion,2026-05-12,16.01,Delhi
Onion,2026-05-13,19.74,Delhi
Onion,2026-05-14,17.72,Ambala
Onion,2026-05-15,16.02,Sonipat
Onion,2026-05-16,16.3,Sonipat
Onion,2026-05-17,18.82,Sonipat
Onion,2026-05-18,17.95,Gurugram
Onion,2026-05-19,18.07,Panipat
Onion,2026-05-20,16.54,Sonipat
Onion,2026-05-21,19.07,Panipat
Onion,2026-05-22,19.0,Delhi
Onion,2026-05-23,19.18,Rohtak
Onion,2026-05-24,17.3,Hisar
Onion,2026-05-25,17.04,Delhi
Onion,2026-05-26,17.01,Ambala
Onion,2026-05-27,18.59,Ludhiana
Onion,2026-05-28,17.86,Gurugram
Onion,2026-05-29,16.13,Ambala
Onion,2026-05-30,16.62,Sonipat
Onion,2026-05-31,17.01,Delhi
Onion,2026-06-01,20.62,Delhi
Onion,2026-06-02,17.62,Chandigarh
Onion,2026-06-03,16.61,Rohtak
Onion,2026-06-04,17.71,Ludhiana
Onion,2026-06-05,18.26,Sonipat
Onion,2026-06-06,17.43,Rohtak
Onion,2026-06-07,19.13,Hisar
Onion,2026-06-08,17.65,Karnal
Onion,2026-06-09,18.53,Gurugram
Onion,2026-06-10,17.88,Delhi
Onion,2026-06-11,19.25,Delhi
Onion,2026-06-12,18.94,Rohtak
Onion,2026-06-13,17.49,Chandigarh
Onion,2026-06-14,21.14,Hisar
Onion,2026-06-15,17.0,Ludhiana
Onion,2026-06-16,20.63,Panipat
Onion,2026-06-17,18.19,Chandigarh
Onion,2026-06-18,18.78,Gurugram
Onion,2026-06-19,17.63,Ambala
Onion,2026-06-20,20.29,Ambala
Onion,2026-06-21,17.83,Gurugram
Onion,2026-06-22,19.43,Ludhiana
Onion,2026-06-23,21.29,Karnal
Onion,2026-06-24,20.08,Chandigarh
Onion,2026-06-25,20.22,Karnal
Onion,2026-06-26,17.44,Hisar
Onion,2026-06-27,16.87,Chandigarh
Onion,2026-06-28,18.35,Rohtak
Onion,2026-06-29,21.12,Rohtak
Onion,2026-06-30,20.24,Hisar
Onion,2026-07-01,21.49,Panipat
Onion,2026-07-02,17.95,Chandigarh
Onion,2026-07-03,22.14,Hisar
Onion,2026-07-04,19.8,Rohtak
Onion,2026-07-05,22.1,Sonipat
Onion,2026-07-06,20.86,Delhi
Onion,2026-07-07,17.68,Karnal
Onion,2026-07-08,21.75,Chandigarh
Onion,2026-07-09,19.45,Gurugram
Onion,2026-07-10,19.67,Delhi
Onion,2026-07-11,20.25,Chandigarh
Onion,2026-07-12,18.12,Hisar
Onion,2026-07-13,17.85,Ambala
Onion,2026-07-14,17.79,Sonipat
Onion,2026-07-15,18.62,Panipat
Onion,2026-07-16,21.56,Hisar
Onion,2026-07-17,20.84,Gurugram
Onion,2026-07-18,19.02,Panipat
Onion,2026-07-19,18.62,Karnal
Onion,2026-07-20,18.15,Ambala
Onion,2026-07-21,18.02,Delhi
Onion,2026-07-22,18.29,Ludhiana
Onion,2026-07-23,19.0,Delhi
Onion,2026-07-24,20.06,Karnal
Onion,2026-07-25,19.66,Ludhiana
Onion,2026-07-26,18.77,Delhi
Onion,2026-07-27,17.93,Panipat
Onion,2026-07-28,21.45,Ambala
Onion,2026-07-29,17.69,Gurugram
Onion,2026-07-30,18.21,Karnal
Onion,2026-07-31,22.12,Hisar
Onion,2026-08-01,20.71,Panipat
Onion,2026-08-02,19.46,Sonipat
Onion,2026-08-03,18.32,Hisar
Onion,2026-08-04,22.4,Chandigarh
Onion,2026-08-05,21.87,Karnal
Onion,2026-08-06,18.63,Delhi
Onion,2026-08-07,22.14,Sonipat
Onion,2026-08-08,18.75,Rohtak
Onion,2026-08-09,22.26,Karnal
Onion,2026-08-10,18.79,Hisar
Onion,2026-08-11,19.98,Delhi
Onion,2026-08-12,21.02,Panipat
Onion,2026-08-13,22.67,Delhi
Onion,2026-08-14,18.24,Delhi
Onion,2026-08-15,19.1,Ludhiana
Onion,2026-08-16,22.12,Delhi
Onion,2026-08-17,22.59,Gurugram
Onion,2026-08-18,18.72,Ludhiana
Onion,2026-08-19,18.35,Ambala
Onion,2026-08-20,20.24,Hisar
Onion,2026-08-21,20.54,Hisar
Onion,2026-08-22,21.46,Sonipat
Onion,2026-08-23,19.83,Sonipat
Onion,2026-08-24,19.43,Ludhiana
Onion,2026-08-25,22.42,Rohtak
Onion,2026-08-26,21.09,Ambala
Onion,2026-08-27,19.27,Panipat
Onion,2026-08-28,20.51,Chandigarh
Onion,2026-08-29,20.4,Delhi
Onion,2026-08-30,19.41,Sonipat
Onion,2026-08-31,20.09,Chandigarh
Onion,2026-09-01,19.96,Chandigarh
Onion,2026-09-02,22.73,Hisar
Onion,2026-09-03,22.66,Gurugram
Onion,2026-09-04,21.11,Ludhiana
Onion,2026-09-05,20.41,Ambala
Onion,2026-09-06,21.2,Hisar
Onion,2026-09-07,20.02,Rohtak
Onion,2026-09-08,20.25,Karnal
Onion,2026-09-09,18.77,Panipat
Onion,2026-09-10,18.91,Ludhiana
Onion,2026-09-11,21.29,Ambala
Onion,2026-09-12,23.67,Sonipat
Mustard,2025-09-13,53.42,Karnal
Mustard,2025-09-14,54.1,Rohtak
Mustard,2025-09-15,56.1,Karnal
Mustard,2025-09-16,55.38,Hisar
Mustard,2025-09-17,54.53,Sonipat
Mustard,2025-09-18,53.85,Ambala
Mustard,2025-09-19,54.44,Gurugram
Mustard,2025-09-20,56.84,Rohtak
Mustard,2025-09-21,56.03,Gurugram
Mustard,2025-09-22,57.03,Ambala
Mustard,2025-09-23,53.85,Karnal
Mustard,2025-09-24,56.64,Ludhiana
Mustard,2025-09-25,55.49,Sonipat
Mustard,2025-09-26,55.31,Delhi
Mustard,2025-09-27,53.61,Ambala
Mustard,2025-09-28,54.28,Chandigarh
Mustard,2025-09-29,55.34,Gurugram
Mustard,2025-09-30,57.12,Karnal
Mustard,2025-10-01,59.07,Gurugram
Mustard,2025-10-02,58.72,Gurugram
Mustard,2025-10-03,56.01,Sonipat
Mustard,2025-10-04,58.23,Sonipat
Mustard,2025-10-05,59.03,Chandigarh
Mustard,2025-10-06,59.42,Delhi
Mustard,2025-10-07,57.41,Hisar
Mustard,2025-10-08,58.32,Gurugram
Mustard,2025-10-09,57.16,Sonipat
Mustard,2025-10-10,60.0,Hisar
Mustard,2025-10-11,59.25,Ludhiana
Mustard,2025-10-12,58.68,Sonipat
Mustard,2025-10-13,58.94,Chandigarh
Mustard,2025-10-14,58.9,Ambala
Mustard,2025-10-15,59.31,Karnal
Mustard,2025-10-16,58.83,Sonipat
Mustard,2025-10-17,57.64,Panipat
Mustard,2025-10-18,56.61,Rohtak
Mustard,2025-10-19,60.07,Ambala
Mustard,2025-10-20,57.75,Ambala
Mustard,2025-10-21,56.26,Ambala
Mustard,2025-10-22,57.48,Ambala
Mustard,2025-10-23,57.09,Ambala
Mustard,2025-10-24,56.61,Ludhiana
Mustard,2025-10-25,56.78,Delhi
Mustard,2025-10-26,57.2,Gurugram
Mustard,2025-10-27,56.92,Delhi
Mustard,2025-10-28,59.68,Gurugram
Mustard,2025-10-29,58.11,Panipat
Mustard,2025-10-30,57.13,Delhi
Mustard,2025-10-31,57.73,Delhi
Mustard,2025-11-01,61.67,Rohtak
Mustard,2025-11-02,60.22,Hisar
Mustard,2025-11-03,62.77,Hisar
Mustard,2025-11-04,60.7,Hisar
Mustard,2025-11-05,60.09,Hisar
Mustard,2025-11-06,59.0,Ludhiana
Mustard,2025-11-07,62.02,Ambala
Mustard,2025-11-08,61.42,Karnal
Mustard,2025-11-09,59.29,Delhi
Mustard,2025-11-10,62.08,Rohtak
Mustard,2025-11-11,59.87,Gurugram
Mustard,2025-11-12,59.73,Delhi
Mustard,2025-11-13,58.91,Sonipat
Mustard,2025-11-14,62.47,Sonipat
Mustard,2025-11-15,61.79,Chandigarh
Mustard,2025-11-16,62.71,Delhi
Mustard,2025-11-17,60.06,Ambala
Mustard,2025-11-18,62.49,Rohtak
Mustard,2025-11-19,60.47,Sonipat
Mustard,2025-11-20,61.23,Hisar
Mustard,2025-11-21,59.26,Delhi
Mustard,2025-11-22,60.02,Karnal
Mustard,2025-11-23,60.35,Chandigarh
Mustard,2025-11-24,61.71,Chandigarh
Mustard,2025-11-25,59.71,Panipat
Mustard,2025-11-26,59.84,Delhi
Mustard,2025-11-27,58.75,Ambala
Mustard,2025-11-28,60.93,Ludhiana
Mustard,2025-11-29,59.19,Gurugram
Mustard,2025-11-30,58.52,Delhi
Mustard,2025-12-01,62.08,Ambala
Mustard,2025-12-02,62.91,Delhi
Mustard,2025-12-03,60.84,Sonipat
Mustard,2025-12-04,63.6,Delhi
Mustard,2025-12-05,62.84,Delhi
Mustard,2025-12-06,62.07,Hisar
Mustard,2025-12-07,62.8,Panipat
Mustard,2025-12-08,61.06,Chandigarh
Mustard,2025-12-09,62.38,Gurugram
Mustard,2025-12-10,64.62,Gurugram
Mustard,2025-12-11,61.44,Rohtak
Mustard,2025-12-12,61.77,Ludhiana
Mustard,2025-12-13,61.75,Panipat
Mustard,2025-12-14,63.09,Sonipat
Mustard,2025-12-15,63.92,Delhi
Mustard,2025-12-16,60.88,Gurugram
Mustard,2025-12-17,64.13,Hisar
Mustard,2025-12-18,64.84,Ambala
Mustard,2025-12-19,61.46,Rohtak
Mustard,2025-12-20,64.2,Chandigarh
Mustard,2025-12-21,62.27,Chandigarh
Mustard,2025-12-22,63.46,Ludhiana
Mustard,2025-12-23,62.92,Karnal
Mustard,2025-12-24,62.46,Delhi
Mustard,2025-12-25,62.07,Rohtak
Mustard,2025-12-26,62.52,Chandigarh
Mustard,2025-12-27,63.84,Ambala
Mustard,2025-12-28,60.87,Ludhiana
Mustard,2025-12-29,60.96,Sonipat
Mustard,2025-12-30,64.53,Karnal
Mustard,2025-12-31,60.7,Hisar
Mustard,2026-01-01,62.69,Hisar
Mustard,2026-01-02,63.24,Sonipat
Mustard,2026-01-03,66.15,Panipat
Mustard,2026-01-04,63.73,Delhi
Mustard,2026-01-05,62.62,Chandigarh
Mustard,2026-01-06,64.03,Gurugram
Mustard,2026-01-07,66.13,Chandigarh
Mustard,2026-01-08,64.25,Rohtak
Mustard,2026-01-09,65.74,Ambala
Mustard,2026-01-10,64.79,Hisar
Mustard,2026-01-11,62.55,Sonipat
Mustard,2026-01-12,62.69,Ambala
Mustard,2026-01-13,64.67,Delhi
Mustard,2026-01-14,66.22,Ambala
Mustard,2026-01-15,65.51,Panipat
Mustard,2026-01-16,65.89,Gurugram
Mustard,2026-01-17,65.9,Panipat
Mustard,2026-01-18,63.58,Ludhiana
Mustard,2026-01-19,64.42,Ludhiana
Mustard,2026-01-20,61.93,Panipat
Mustard,2026-01-21,63.58,Ambala
Mustard,2026-01-22,64.5,Hisar
Mustard,2026-01-23,61.84,Gurugram
Mustard,2026-01-24,64.81,Rohtak
Mustard,2026-01-25,65.03,Panipat
Mustard,2026-01-26,65.7,Rohtak
Mustard,2026-01-27,63.09,Panipat
Mustard,2026-01-28,62.94,Ludhiana
Mustard,2026-01-29,65.42,Delhi
Mustard,2026-01-30,65.92,Karnal
Mustard,2026-01-31,62.04,Ludhiana
Mustard,2026-02-01,67.26,Gurugram
Mustard,2026-02-02,64.84,Hisar
Mustard,2026-02-03,66.4,Delhi
Mustard,2026-02-04,64.39,Karnal
Mustard,2026-02-05,67.8,Hisar
Mustard,2026-02-06,66.95,Chandigarh
Mustard,2026-02-07,67.52,Rohtak
Mustard,2026-02-08,65.83,Sonipat
Mustard,2026-02-09,63.67,Chandigarh
Mustard,2026-02-10,65.24,Chandigarh
Mustard,2026-02-11,67.47,Rohtak
Mustard,2026-02-12,64.1,Karnal
Mustard,2026-02-13,67.21,Karnal
Mustard,2026-02-14,63.39,Rohtak
Mustard,2026-02-15,67.54,Karnal
Mustard,2026-02-16,64.48,Ludhiana
Mustard,2026-02-17,65.54,Delhi
Mustard,2026-02-18,66.35,Karnal
Mustard,2026-02-19,64.87,Ambala
Mustard,2026-02-20,65.2,Ludhiana
Mustard,2026-02-21,65.84,Gurugram
Mustard,2026-02-22,64.68,Panipat
Mustard,2026-02-23,66.56,Delhi
Mustard,2026-02-24,64.36,Hisar
Mustard,2026-02-25,63.23,Ambala
Mustard,2026-02-26,66.65,Karnal
Mustard,2026-02-27,67.0,Karnal
Mustard,2026-02-28,66.14,Panipat
Mustard,2026-03-01,68.27,Chandigarh
Mustard,2026-03-02,65.19,Rohtak
Mustard,2026-03-03,67.38,Sonipat
Mustard,2026-03-04,68.21,Ambala
Mustard,2026-03-05,68.94,Karnal
Mustard,2026-03-06,66.26,Panipat
Mustard,2026-03-07,68.49,Panipat
Mustard,2026-03-08,67.07,Hisar
Mustard,2026-03-09,69.14,Ludhiana
Mustard,2026-03-10,66.22,Ludhiana
Mustard,2026-03-11,66.45,Chandigarh
Mustard,2026-03-12,68.98,Hisar
Mustard,2026-03-13,67.81,Rohtak
Mustard,2026-03-14,67.45,Gurugram
Mustard,2026-03-15,67.69,Ambala
Mustard,2026-03-16,67.91,Panipat
Mustard,2026-03-17,68.27,Ludhiana
Mustard,2026-03-18,65.26,Panipat
Mustard,2026-03-19,68.06,Panipat
Mustard,2026-03-20,66.22,Panipat
Mustard,2026-03-21,65.86,Chandigarh
Mustard,2026-03-22,68.66,Rohtak
Mustard,2026-03-23,68.86,Ambala
Mustard,2026-03-24,66.92,Gurugram
Mustard,2026-03-25,68.26,Rohtak
Mustard,2026-03-26,68.14,Panipat
Mustard,2026-03-27,66.23,Hisar
Mustard,2026-03-28,66.94,Rohtak
Mustard,2026-03-29,67.81,Ambala
Mustard,2026-03-30,68.95,Gurugram
Mustard,2026-03-31,68.52,Karnal
Mustard,2026-04-01,66.06,Ludhiana
Mustard,2026-04-02,67.1,Gurugram
Mustard,2026-04-03,65.24,Sonipat
Mustard,2026-04-04,66.82,Chandigarh
Mustard,2026-04-05,63.73,Delhi
Mustard,2026-04-06,65.1,Panipat
Mustard,2026-04-07,66.31,Chandigarh
Mustard,2026-04-08,66.5,Sonipat
Mustard,2026-04-09,67.38,Gurugram
Mustard,2026-04-10,66.03,Karnal
Mustard,2026-04-11,64.64,Panipat
Mustard,2026-04-12,64.96,Gurugram
Mustard,2026-04-13,64.75,Ambala
Mustard,2026-04-14,64.4,Delhi
Mustard,2026-04-15,65.25,Ambala
Mustard,2026-04-16,65.79,Ambala
Mustard,2026-04-17,63.41,Karnal
Mustard,2026-04-18,65.45,Hisar
Mustard,2026-04-19,65.62,Hisar
Mustard,2026-04-20,63.39,Sonipat
Mustard,2026-04-21,63.81,Karnal
Mustard,2026-04-22,64.8,Ambala
Mustard,2026-04-23,67.42,Ludhiana
Mustard,2026-04-24,63.91,Sonipat
Mustard,2026-04-25,66.94,Ludhiana
Mustard,2026-04-26,64.85,Sonipat
Mustard,2026-04-27,64.79,Rohtak
Mustard,2026-04-28,63.36,Panipat
Mustard,2026-04-29,64.35,Sonipat
Mustard,2026-04-30,66.12,Sonipat
Mustard,2026-05-01,63.47,Delhi
Mustard,2026-05-02,61.85,Hisar
Mustard,2026-05-03,64.18,Hisar
Mustard,2026-05-04,63.27,Ludhiana
Mustard,2026-05-05,63.09,Rohtak
Mustard,2026-05-06,63.81,Gurugram
Mustard,2026-05-07,65.75,Gurugram
Mustard,2026-05-08,64.9,Chandigarh
Mustard,2026-05-09,62.33,Rohtak
Mustard,2026-05-10,64.36,Karnal
Mustard,2026-05-11,62.55,Gurugram
Mustard,2026-05-12,62.98,Delhi
Mustard,2026-05-13,63.33,Ambala
Mustard,2026-05-14,63.01,Delhi
Mustard,2026-05-15,65.42,Panipat
Mustard,2026-05-16,66.03,Ludhiana
Mustard,2026-05-17,65.05,Ambala
Mustard,2026-05-18,64.14,Hisar
Mustard,2026-05-19,65.85,Sonipat
Mustard,2026-05-20,63.37,Ludhiana
Mustard,2026-05-21,63.47,Karnal
Mustard,2026-05-22,62.61,Hisar
Mustard,2026-05-23,61.97,Karnal
Mustard,2026-05-24,65.27,Sonipat
Mustard,2026-05-25,62.92,Rohtak
Mustard,2026-05-26,64.7,Sonipat
Mustard,2026-05-27,62.57,Rohtak
Mustard,2026-05-28,63.77,Panipat
Mustard,2026-05-29,65.64,Ambala
Mustard,2026-05-30,62.32,Rohtak
Mustard,2026-05-31,65.19,Rohtak
Mustard,2026-06-01,60.15,Delhi
Mustard,2026-06-02,61.83,Hisar
Mustard,2026-06-03,60.54,Panipat
Mustard,2026-06-04,62.15,Sonipat
Mustard,2026-06-05,60.97,Rohtak
Mustard,2026-06-06,61.43,Delhi
Mustard,2026-06-07,63.08,Panipat
Mustard,2026-06-08,62.93,Sonipat
Mustard,2026-06-09,62.04,Delhi
Mustard,2026-06-10,62.48,Ambala
Mustard,2026-06-11,60.74,Delhi
Mustard,2026-06-12,63.77,Ludhiana
Mustard,2026-06-13,61.16,Karnal
Mustard,2026-06-14,63.79,Chandigarh
Mustard,2026-06-15,64.7,Gurugram
Mustard,2026-06-16,63.51,Panipat
Mustard,2026-06-17,61.08,Chandigarh
Mustard,2026-06-18,62.62,Karnal
Mustard,2026-06-19,63.51,Ludhiana
Mustard,2026-06-20,61.92,Rohtak
Mustard,2026-06-21,60.51,Delhi
Mustard,2026-06-22,64.57,Ambala
Mustard,2026-06-23,63.52,Sonipat
Mustard,2026-06-24,64.81,Chandigarh
Mustard,2026-06-25,60.88,Delhi
Mustard,2026-06-26,64.65,Karnal
Mustard,2026-06-27,62.64,Panipat
Mustard,2026-06-28,61.79,Rohtak
Mustard,2026-06-29,61.06,Sonipat
Mustard,2026-06-30,64.59,Panipat
Mustard,2026-07-01,59.97,Gurugram
Mustard,2026-07-02,60.27,Delhi
Mustard,2026-07-03,58.84,Rohtak
Mustard,2026-07-04,58.49,Sonipat
Mustard,2026-07-05,61.35,Sonipat
Mustard,2026-07-06,59.91,Ludhiana
Mustard,2026-07-07,62.65,Panipat
Mustard,2026-07-08,62.33,Delhi
Mustard,2026-07-09,60.13,Gurugram
Mustard,2026-07-10,59.32,Hisar
Mustard,2026-07-11,60.28,Ludhiana
Mustard,2026-07-12,59.72,Hisar
Mustard,2026-07-13,61.56,Ludhiana
Mustard,2026-07-14,62.05,Sonipat
Mustard,2026-07-15,59.05,Rohtak
Mustard,2026-07-16,62.86,Sonipat
Mustard,2026-07-17,59.02,Ambala
Mustard,2026-07-18,60.69,Ambala
Mustard,2026-07-19,61.55,Sonipat
Mustard,2026-07-20,61.26,Gurugram
Mustard,2026-07-21,61.26,Sonipat
Mustard,2026-07-22,60.7,Ludhiana
Mustard,2026-07-23,59.08,Hisar
Mustard,2026-07-24,60.52,Delhi
Mustard,2026-07-25,59.73,Gurugram
Mustard,2026-07-26,58.64,Chandigarh
Mustard,2026-07-27,61.94,Ambala
Mustard,2026-07-28,61.75,Karnal
Mustard,2026-07-29,62.86,Gurugram
Mustard,2026-07-30,60.85,Ambala
Mustard,2026-07-31,58.99,Karnal
Mustard,2026-08-01,58.34,Hisar
Mustard,2026-08-02,56.93,Chandigarh
Mustard,2026-08-03,60.05,Ambala
Mustard,2026-08-04,56.52,Sonipat
Mustard,2026-08-05,58.41,Ludhiana
Mustard,2026-08-06,59.86,Sonipat
Mustard,2026-08-07,56.58,Ludhiana
Mustard,2026-08-08,57.61,Gurugram
Mustard,2026-08-09,60.32,Rohtak
Mustard,2026-08-10,58.37,Chandigarh
Mustard,2026-08-11,58.93,Hisar
Mustard,2026-08-12,59.64,Delhi
Mustard,2026-08-13,58.13,Ambala
Mustard,2026-08-14,58.07,Ludhiana
Mustard,2026-08-15,58.05,Delhi
Mustard,2026-08-16,60.27,Rohtak
Mustard,2026-08-17,56.57,Hisar
Mustard,2026-08-18,56.28,Chandigarh
Mustard,2026-08-19,56.11,Delhi
Mustard,2026-08-20,59.41,Ambala
Mustard,2026-08-21,58.75,Chandigarh
Mustard,2026-08-22,58.41,Ludhiana
Mustard,2026-08-23,60.02,Gurugram
Mustard,2026-08-24,59.47,Karnal
Mustard,2026-08-25,59.53,Gurugram
Mustard,2026-08-26,58.32,Ambala
Mustard,2026-08-27,58.47,Gurugram
Mustard,2026-08-28,58.93,Delhi
Mustard,2026-08-29,56.33,Karnal
Mustard,2026-08-30,55.91,Gurugram
Mustard,2026-08-31,59.34,Panipat
Mustard,2026-09-01,55.81,Gurugram
Mustard,2026-09-02,56.41,Rohtak
Mustard,2026-09-03,57.16,Ludhiana
Mustard,2026-09-04,54.11,Hisar
Mustard,2026-09-05,53.96,Ambala
Mustard,2026-09-06,54.29,Delhi
Mustard,2026-09-07,57.2,Hisar
Mustard,2026-09-08,54.32,Karnal
Mustard,2026-09-09,56.29,Delhi
Mustard,2026-09-10,56.43,Rohtak
Mustard,2026-09-11,57.08,Ambala
Mustard,2026-09-12,53.85,Ludhiana
